environment	seed	new_union_files
C1_2_DoughFlatten	0	151
C2_2_SandwichAssembly	0	0
C1_2_DoughFlatten	1	0
C2_2_SandwichAssembly	1	0
C1_2_DoughFlatten	2	0
C2_2_SandwichAssembly	2	0
C1_2_DoughFlatten	3	0
C2_2_SandwichAssembly	3	0
C1_2_DoughFlatten	4	0
C2_2_SandwichAssembly	4	0
C1_2_DoughFlatten	5	0
C2_2_SandwichAssembly	5	0
C1_2_DoughFlatten	6	0
C2_2_SandwichAssembly	6	0
C1_2_DoughFlatten	7	0
C2_2_SandwichAssembly	7	0
C1_2_DoughFlatten	8	0
C2_2_SandwichAssembly	8	0
C1_2_DoughFlatten	9	0
C2_2_SandwichAssembly	9	0
C1_2_DoughFlatten	10	0
C2_2_SandwichAssembly	10	0
C1_2_DoughFlatten	11	0
C2_2_SandwichAssembly	11	0
C1_2_DoughFlatten	12	0
C2_2_SandwichAssembly	12	0
C1_2_DoughFlatten	13	0
C2_2_SandwichAssembly	13	0
C1_2_DoughFlatten	14	0
C2_2_SandwichAssembly	14	0
C1_2_DoughFlatten	15	0
C2_2_SandwichAssembly	15	0
C1_2_DoughFlatten	16	0
C2_2_SandwichAssembly	16	0
C1_2_DoughFlatten	17	0
C2_2_SandwichAssembly	17	0
C1_2_DoughFlatten	18	0
C2_2_SandwichAssembly	18	0
C1_2_DoughFlatten	19	0
C2_2_SandwichAssembly	19	0
C1_2_DoughFlatten	20	0
C2_2_SandwichAssembly	20	0
C1_2_DoughFlatten	21	0
C2_2_SandwichAssembly	21	0
C1_2_DoughFlatten	22	0
C2_2_SandwichAssembly	22	0
C1_2_DoughFlatten	23	0
C2_2_SandwichAssembly	23	0
C1_2_DoughFlatten	24	0
C2_2_SandwichAssembly	24	0
C1_2_DoughFlatten	25	0
C2_2_SandwichAssembly	25	0
C1_2_DoughFlatten	26	0
C2_2_SandwichAssembly	26	0
C1_2_DoughFlatten	27	0
C2_2_SandwichAssembly	27	0
C1_2_DoughFlatten	28	0
C2_2_SandwichAssembly	28	0
C1_2_DoughFlatten	29	0
C2_2_SandwichAssembly	29	0
C1_2_DoughFlatten	30	0
C2_2_SandwichAssembly	30	0
C1_2_DoughFlatten	31	0
C2_2_SandwichAssembly	31	0
C1_2_DoughFlatten	32	0
C2_2_SandwichAssembly	32	0
C1_2_DoughFlatten	33	0
C2_2_SandwichAssembly	33	0
C1_2_DoughFlatten	34	0
C2_2_SandwichAssembly	34	0
C1_2_DoughFlatten	35	0
C2_2_SandwichAssembly	35	0
C1_2_DoughFlatten	36	0
C2_2_SandwichAssembly	36	0
C1_2_DoughFlatten	37	0
C2_2_SandwichAssembly	37	0
C1_2_DoughFlatten	38	0
C2_2_SandwichAssembly	38	0
C1_2_DoughFlatten	39	0
C2_2_SandwichAssembly	39	0
C1_2_DoughFlatten	40	0
C2_2_SandwichAssembly	40	0
C1_2_DoughFlatten	41	0
C2_2_SandwichAssembly	41	0
C1_2_DoughFlatten	42	0
C2_2_SandwichAssembly	42	0
C1_2_DoughFlatten	43	0
C2_2_SandwichAssembly	43	0
C1_2_DoughFlatten	44	0
C2_2_SandwichAssembly	44	0
C1_2_DoughFlatten	45	0
C2_2_SandwichAssembly	45	0
C1_2_DoughFlatten	46	0
C2_2_SandwichAssembly	46	0
C1_2_DoughFlatten	47	0
C2_2_SandwichAssembly	47	0
C1_2_DoughFlatten	48	0
C2_2_SandwichAssembly	48	0
C1_2_DoughFlatten	49	0
C2_2_SandwichAssembly	49	0
C1_2_DoughFlatten	50	0
C2_2_SandwichAssembly	50	0
C1_2_DoughFlatten	51	0
C2_2_SandwichAssembly	51	0
C1_2_DoughFlatten	52	0
C2_2_SandwichAssembly	52	0
C1_2_DoughFlatten	53	0
C2_2_SandwichAssembly	53	0
C1_2_DoughFlatten	54	0
C2_2_SandwichAssembly	54	0
C1_2_DoughFlatten	55	0
C2_2_SandwichAssembly	55	0
C1_2_DoughFlatten	56	0
C2_2_SandwichAssembly	56	0
C1_2_DoughFlatten	57	0
C2_2_SandwichAssembly	57	0
C1_2_DoughFlatten	58	0
C2_2_SandwichAssembly	58	0
C1_2_DoughFlatten	59	0
C2_2_SandwichAssembly	59	0
C1_2_DoughFlatten	60	0
C2_2_SandwichAssembly	60	0
C1_2_DoughFlatten	61	0
C2_2_SandwichAssembly	61	0
C1_2_DoughFlatten	62	0
C2_2_SandwichAssembly	62	0
C1_2_DoughFlatten	63	0
C2_2_SandwichAssembly	63	0
C1_2_DoughFlatten	64	0
C2_2_SandwichAssembly	64	0
C1_2_DoughFlatten	65	0
C2_2_SandwichAssembly	65	0
C1_2_DoughFlatten	66	0
C2_2_SandwichAssembly	66	0
C1_2_DoughFlatten	67	0
C2_2_SandwichAssembly	67	0
C1_2_DoughFlatten	68	0
C2_2_SandwichAssembly	68	0
C1_2_DoughFlatten	69	0
C2_2_SandwichAssembly	69	0
C1_2_DoughFlatten	70	0
C2_2_SandwichAssembly	70	0
C1_2_DoughFlatten	71	0
C2_2_SandwichAssembly	71	0
C1_2_DoughFlatten	72	0
C2_2_SandwichAssembly	72	0
C1_2_DoughFlatten	73	0
C2_2_SandwichAssembly	73	0
C1_2_DoughFlatten	74	0
C2_2_SandwichAssembly	74	0
C1_2_DoughFlatten	75	0
C2_2_SandwichAssembly	75	0
C1_2_DoughFlatten	76	0
C2_2_SandwichAssembly	76	0
C1_2_DoughFlatten	77	0
C2_2_SandwichAssembly	77	0
C1_2_DoughFlatten	78	0
C2_2_SandwichAssembly	78	0
C1_2_DoughFlatten	79	0
C2_2_SandwichAssembly	79	0
C1_2_DoughFlatten	80	0
C2_2_SandwichAssembly	80	0
C1_2_DoughFlatten	81	0
C2_2_SandwichAssembly	81	0
C1_2_DoughFlatten	82	0
C2_2_SandwichAssembly	82	0
C1_2_DoughFlatten	83	0
C2_2_SandwichAssembly	83	0
C1_2_DoughFlatten	84	0
C2_2_SandwichAssembly	84	0
C1_2_DoughFlatten	85	0
C2_2_SandwichAssembly	85	0
C1_2_DoughFlatten	86	0
C2_2_SandwichAssembly	86	0
C1_2_DoughFlatten	87	0
C2_2_SandwichAssembly	87	0
C1_2_DoughFlatten	88	0
C2_2_SandwichAssembly	88	0
C1_2_DoughFlatten	89	0
C2_2_SandwichAssembly	89	0
C1_2_DoughFlatten	90	0
C2_2_SandwichAssembly	90	0
C1_2_DoughFlatten	91	0
C2_2_SandwichAssembly	91	0
C1_2_DoughFlatten	92	0
C2_2_SandwichAssembly	92	0
C1_2_DoughFlatten	93	0
C2_2_SandwichAssembly	93	0
C1_2_DoughFlatten	94	0
C2_2_SandwichAssembly	94	0
C1_2_DoughFlatten	95	0
C2_2_SandwichAssembly	95	0
C1_2_DoughFlatten	96	0
C2_2_SandwichAssembly	96	0
C1_2_DoughFlatten	97	0
C2_2_SandwichAssembly	97	0
C1_2_DoughFlatten	98	0
C2_2_SandwichAssembly	98	0
C1_2_DoughFlatten	99	0
C2_2_SandwichAssembly	99	0
