target_condition,metric,repeat_id,input_id,source,source_prediction_id,source_parsing_status,independent_model_call
geometric_grounding,Mass_MnRE,1,000000_000010,SiPhy,1eabf1bfa9f48c673876a9f6e04ffec9127959d368d80c2a26ace48411cb2e3a,PARSED,False
ours_full,Mass_MnRE,1,000000_000010,SiPhy,1eabf1bfa9f48c673876a9f6e04ffec9127959d368d80c2a26ace48411cb2e3a,PARSED,False
geometric_grounding,Mass_MnRE,1,000000_000040,SiPhy,87a1c49a8d948fa0ca9207f1b4b3c28a8a54f95bd96db2156cdb6e2a7070bc18,PARSED,False
ours_full,Mass_MnRE,1,000000_000040,SiPhy,87a1c49a8d948fa0ca9207f1b4b3c28a8a54f95bd96db2156cdb6e2a7070bc18,PARSED,False
geometric_grounding,Mass_MnRE,1,000001_000010,SiPhy,b613eabc81383b804f29020f4f8a1b38e1b7c899206be6159916454902d2e1df,PARSED,False
ours_full,Mass_MnRE,1,000001_000010,SiPhy,b613eabc81383b804f29020f4f8a1b38e1b7c899206be6159916454902d2e1df,PARSED,False
geometric_grounding,Mass_MnRE,1,000001_000040,SiPhy,8d3feaf2474a17fab6abfed9d2d820d5460f02eb3f7acd27d019ff5b0bceea41,PARSED,False
ours_full,Mass_MnRE,1,000001_000040,SiPhy,8d3feaf2474a17fab6abfed9d2d820d5460f02eb3f7acd27d019ff5b0bceea41,PARSED,False
geometric_grounding,Mass_MnRE,1,000002_000010,SiPhy,20565b61254fed703910302bc1465ac8967583c5a132a1eb0833b5b70b70bdde,PARSED,False
ours_full,Mass_MnRE,1,000002_000010,SiPhy,20565b61254fed703910302bc1465ac8967583c5a132a1eb0833b5b70b70bdde,PARSED,False
geometric_grounding,Mass_MnRE,1,000002_000040,SiPhy,54d2a27bcc450cd07394c091f7b014e78e817bcfd94126234eb5e83632656a8f,PARSED,False
ours_full,Mass_MnRE,1,000002_000040,SiPhy,54d2a27bcc450cd07394c091f7b014e78e817bcfd94126234eb5e83632656a8f,PARSED,False
geometric_grounding,Mass_MnRE,1,000003_000010,SiPhy,b90f008a1fd5c5ce5792d3ee722c7ac7b3ac7aeaea1c76942690210b9c347cd0,PARSED,False
ours_full,Mass_MnRE,1,000003_000010,SiPhy,b90f008a1fd5c5ce5792d3ee722c7ac7b3ac7aeaea1c76942690210b9c347cd0,PARSED,False
geometric_grounding,Mass_MnRE,1,000003_000040,SiPhy,8014fdab72df4d4212278a21ffa06590cc083b5496e79ca7d9a39655b4cddfc5,PARSED,False
ours_full,Mass_MnRE,1,000003_000040,SiPhy,8014fdab72df4d4212278a21ffa06590cc083b5496e79ca7d9a39655b4cddfc5,PARSED,False
geometric_grounding,Mass_MnRE,1,000004_000010,SiPhy,a798cd55997ae365f8077432cc746507f862142c6dae7408cca224211a026680,PARSED,False
ours_full,Mass_MnRE,1,000004_000010,SiPhy,a798cd55997ae365f8077432cc746507f862142c6dae7408cca224211a026680,PARSED,False
geometric_grounding,Mass_MnRE,1,000004_000040,SiPhy,a674c86d5c256a8816c65c2def7fb2d9d65654aaf473750524211ec261e6dae6,PARSED,False
ours_full,Mass_MnRE,1,000004_000040,SiPhy,a674c86d5c256a8816c65c2def7fb2d9d65654aaf473750524211ec261e6dae6,PARSED,False
geometric_grounding,Mass_MnRE,1,000005_000010,SiPhy,fc1dd2f34160edec9e4c98013da2db9b5b2f5cd624b94d1f8162f15d505baac7,PARSED,False
ours_full,Mass_MnRE,1,000005_000010,SiPhy,fc1dd2f34160edec9e4c98013da2db9b5b2f5cd624b94d1f8162f15d505baac7,PARSED,False
geometric_grounding,Mass_MnRE,1,000005_000040,SiPhy,b87951505447e190fafd698732cb53d39a19efc36eec8c99494bafd04cd44378,PARSED,False
ours_full,Mass_MnRE,1,000005_000040,SiPhy,b87951505447e190fafd698732cb53d39a19efc36eec8c99494bafd04cd44378,PARSED,False
geometric_grounding,Mass_MnRE,1,000006_000010,SiPhy,1d3b89ddee578476e3b3ceccc74a40063d5c474a90392ddc7210b7e34901b042,PARSED,False
ours_full,Mass_MnRE,1,000006_000010,SiPhy,1d3b89ddee578476e3b3ceccc74a40063d5c474a90392ddc7210b7e34901b042,PARSED,False
geometric_grounding,Mass_MnRE,1,000006_000040,SiPhy,ec13be52060bcb64044e1bcfd2a85957d810bf7909778793947059d70dbe5cb6,PARSED,False
ours_full,Mass_MnRE,1,000006_000040,SiPhy,ec13be52060bcb64044e1bcfd2a85957d810bf7909778793947059d70dbe5cb6,PARSED,False
geometric_grounding,Mass_MnRE,1,000007_000010,SiPhy,d246e8914d399799685912568d98d336c6be5b125e6dfb0ff7c104e6a5a4dad4,PARSED,False
ours_full,Mass_MnRE,1,000007_000010,SiPhy,d246e8914d399799685912568d98d336c6be5b125e6dfb0ff7c104e6a5a4dad4,PARSED,False
geometric_grounding,Mass_MnRE,1,000007_000040,SiPhy,edc2fe065d6bab1870a0516c87662d65f5a3991be3e13ce1c50b205e17243466,PARSED,False
ours_full,Mass_MnRE,1,000007_000040,SiPhy,edc2fe065d6bab1870a0516c87662d65f5a3991be3e13ce1c50b205e17243466,PARSED,False
geometric_grounding,Mass_MnRE,1,000008_000010,SiPhy,11db681b25202e2401d865bd94908c61a37248ffccbd6960b93622baa728d398,PARSED,False
ours_full,Mass_MnRE,1,000008_000010,SiPhy,11db681b25202e2401d865bd94908c61a37248ffccbd6960b93622baa728d398,PARSED,False
geometric_grounding,Mass_MnRE,1,000008_000040,SiPhy,aeffaf707f4b0cf6f4fcec8213ff05692c41721ab7c4af2df8dd78a49808999c,PARSED,False
ours_full,Mass_MnRE,1,000008_000040,SiPhy,aeffaf707f4b0cf6f4fcec8213ff05692c41721ab7c4af2df8dd78a49808999c,PARSED,False
geometric_grounding,Mass_MnRE,1,000009_000010,SiPhy,7a1a72b77b924ca9cea6044f0fb96d291853a636121b8a6b01f177b72cab7a01,PARSED,False
ours_full,Mass_MnRE,1,000009_000010,SiPhy,7a1a72b77b924ca9cea6044f0fb96d291853a636121b8a6b01f177b72cab7a01,PARSED,False
geometric_grounding,Mass_MnRE,1,000009_000040,SiPhy,9545eaf1ee48224e8bde52e97801c4259ca1e952e41466a5dc97e77cac243891,PARSED,False
ours_full,Mass_MnRE,1,000009_000040,SiPhy,9545eaf1ee48224e8bde52e97801c4259ca1e952e41466a5dc97e77cac243891,PARSED,False
geometric_grounding,Mass_MnRE,1,000010_000010,SiPhy,aa79a284494d8aea339c832e4d7247e9f0d8fb0432d8e61dfbfe8a8eb6fdcc3b,PARSED,False
ours_full,Mass_MnRE,1,000010_000010,SiPhy,aa79a284494d8aea339c832e4d7247e9f0d8fb0432d8e61dfbfe8a8eb6fdcc3b,PARSED,False
geometric_grounding,Mass_MnRE,1,000010_000040,SiPhy,570a6eb5eacba66b9147fe3f23f30e979fcda83920548a1c1549dbd5eb9947ca,PARSED,False
ours_full,Mass_MnRE,1,000010_000040,SiPhy,570a6eb5eacba66b9147fe3f23f30e979fcda83920548a1c1549dbd5eb9947ca,PARSED,False
geometric_grounding,Mass_MnRE,1,000011_000010,SiPhy,cda18be948e5e6dc9c0f4e6059eabf596375db11b462550e9a2bc9355107aa95,PARSED,False
ours_full,Mass_MnRE,1,000011_000010,SiPhy,cda18be948e5e6dc9c0f4e6059eabf596375db11b462550e9a2bc9355107aa95,PARSED,False
geometric_grounding,Mass_MnRE,1,000011_000040,SiPhy,1d3fbf9430ef87f7774ad1287fd204c4eae96c3b09937c4736ed8f48d2d8d8e2,PARSED,False
ours_full,Mass_MnRE,1,000011_000040,SiPhy,1d3fbf9430ef87f7774ad1287fd204c4eae96c3b09937c4736ed8f48d2d8d8e2,PARSED,False
geometric_grounding,Mass_MnRE,1,000012_000010,SiPhy,91201e1fceb23d0d3e083cefb1cb27448643418ead5d09eb4ebb29192128b8ba,PARSED,False
ours_full,Mass_MnRE,1,000012_000010,SiPhy,91201e1fceb23d0d3e083cefb1cb27448643418ead5d09eb4ebb29192128b8ba,PARSED,False
geometric_grounding,Mass_MnRE,1,000012_000040,SiPhy,abe58a53696a6d73a0cbda020f6b2dd3341b55d48e86f63e432c486657c491a4,PARSED,False
ours_full,Mass_MnRE,1,000012_000040,SiPhy,abe58a53696a6d73a0cbda020f6b2dd3341b55d48e86f63e432c486657c491a4,PARSED,False
geometric_grounding,Mass_MnRE,1,000013_000010,SiPhy,627422c0e1cf0fc8c1d3d7731e857046968ea50efbdc83be9b22bc3f6914f206,PARSED,False
ours_full,Mass_MnRE,1,000013_000010,SiPhy,627422c0e1cf0fc8c1d3d7731e857046968ea50efbdc83be9b22bc3f6914f206,PARSED,False
geometric_grounding,Mass_MnRE,1,000013_000040,SiPhy,bca79fb793f2c8a87d84c613bd132f37aa081d5227ad529b5b01f706f361675d,PARSED,False
ours_full,Mass_MnRE,1,000013_000040,SiPhy,bca79fb793f2c8a87d84c613bd132f37aa081d5227ad529b5b01f706f361675d,PARSED,False
geometric_grounding,Mass_MnRE,1,000014_000010,SiPhy,a6821755fd089bfd38c00fad44e7492ff7a6bb8286c626edf25d8a1023441979,PARSED,False
ours_full,Mass_MnRE,1,000014_000010,SiPhy,a6821755fd089bfd38c00fad44e7492ff7a6bb8286c626edf25d8a1023441979,PARSED,False
geometric_grounding,Mass_MnRE,1,000014_000040,SiPhy,db3e073d5e1ab6fa82d86dc0b1952eacb44bf699af7a0248d2af3243aef67a0d,PARSED,False
ours_full,Mass_MnRE,1,000014_000040,SiPhy,db3e073d5e1ab6fa82d86dc0b1952eacb44bf699af7a0248d2af3243aef67a0d,PARSED,False
geometric_grounding,Mass_MnRE,1,000015_000010,SiPhy,51775e85ffebbb1377b86e81026bb53b6378aaa33dcc19441560f18d8511c630,PARSED,False
ours_full,Mass_MnRE,1,000015_000010,SiPhy,51775e85ffebbb1377b86e81026bb53b6378aaa33dcc19441560f18d8511c630,PARSED,False
geometric_grounding,Mass_MnRE,1,000015_000040,SiPhy,9b8fbf008cea3e8fb9fac58bd255d4739d610b99e52b1cf4c05281d79285251d,PARSED,False
ours_full,Mass_MnRE,1,000015_000040,SiPhy,9b8fbf008cea3e8fb9fac58bd255d4739d610b99e52b1cf4c05281d79285251d,PARSED,False
geometric_grounding,Mass_MnRE,1,000016_000010,SiPhy,bef89760c7a4c027df18be953a515b0e455f4b0437ca4a93f58fccc064597a0b,PARSED,False
ours_full,Mass_MnRE,1,000016_000010,SiPhy,bef89760c7a4c027df18be953a515b0e455f4b0437ca4a93f58fccc064597a0b,PARSED,False
geometric_grounding,Mass_MnRE,1,000016_000040,SiPhy,c5983a33ecf7d5fb5bd0a1552393d1531b6d8b10e84a39c381fe0db3ea40c320,PARSED,False
ours_full,Mass_MnRE,1,000016_000040,SiPhy,c5983a33ecf7d5fb5bd0a1552393d1531b6d8b10e84a39c381fe0db3ea40c320,PARSED,False
geometric_grounding,Mass_MnRE,1,000017_000010,SiPhy,b1b8438c45e417b4913f9e8d2ccf26e4ee6ba61ebb06cdb3eecb0448743fc8c0,PARSED,False
ours_full,Mass_MnRE,1,000017_000010,SiPhy,b1b8438c45e417b4913f9e8d2ccf26e4ee6ba61ebb06cdb3eecb0448743fc8c0,PARSED,False
geometric_grounding,Mass_MnRE,1,000017_000035,SiPhy,5941601a1252db93a14f0f92b94fa5175e8b3b81219943817eaea43459fca2a9,PARSED,False
ours_full,Mass_MnRE,1,000017_000035,SiPhy,5941601a1252db93a14f0f92b94fa5175e8b3b81219943817eaea43459fca2a9,PARSED,False
geometric_grounding,Mass_MnRE,1,000018_000010,SiPhy,b73377a3477aa60f32432bfb69c5ea85b3698d4d90af91b823e35fbadd20520d,PARSED,False
ours_full,Mass_MnRE,1,000018_000010,SiPhy,b73377a3477aa60f32432bfb69c5ea85b3698d4d90af91b823e35fbadd20520d,PARSED,False
geometric_grounding,Mass_MnRE,1,000018_000040,SiPhy,fe1be90eb2852b98531c1f266c0aa45e573011da8149845e596294e8ffdc107d,PARSED,False
ours_full,Mass_MnRE,1,000018_000040,SiPhy,fe1be90eb2852b98531c1f266c0aa45e573011da8149845e596294e8ffdc107d,PARSED,False
geometric_grounding,Mass_MnRE,1,000019_000010,SiPhy,58378772ab0366429fdeea96b1fb2fb624a3c9048d9e3bf91f756fc6efabb71c,PARSED,False
ours_full,Mass_MnRE,1,000019_000010,SiPhy,58378772ab0366429fdeea96b1fb2fb624a3c9048d9e3bf91f756fc6efabb71c,PARSED,False
geometric_grounding,Mass_MnRE,1,000019_000040,SiPhy,7ef29fb44b9703d32bc065075521f85b1731c8b421edb754b819a531464e74b0,PARSED,False
ours_full,Mass_MnRE,1,000019_000040,SiPhy,7ef29fb44b9703d32bc065075521f85b1731c8b421edb754b819a531464e74b0,PARSED,False
geometric_grounding,Mass_MnRE,1,000020_000010,SiPhy,9e8ff4d2d5c2d3fed6edb31bd76d6f2a68f2223b76996d45943d4118e5d8dbcd,PARSED,False
ours_full,Mass_MnRE,1,000020_000010,SiPhy,9e8ff4d2d5c2d3fed6edb31bd76d6f2a68f2223b76996d45943d4118e5d8dbcd,PARSED,False
geometric_grounding,Mass_MnRE,1,000020_000040,SiPhy,d5759aad9b77d1498d0068e10483be60e2ba9e9b1c3a7d60c1211e426cf2d3a9,PARSED,False
ours_full,Mass_MnRE,1,000020_000040,SiPhy,d5759aad9b77d1498d0068e10483be60e2ba9e9b1c3a7d60c1211e426cf2d3a9,PARSED,False
geometric_grounding,Mass_MnRE,1,000021_000010,SiPhy,af5275afb81df493357d36d7d441a45b0b64bbbc9dee820224db74ea54f30202,PARSED,False
ours_full,Mass_MnRE,1,000021_000010,SiPhy,af5275afb81df493357d36d7d441a45b0b64bbbc9dee820224db74ea54f30202,PARSED,False
geometric_grounding,Mass_MnRE,1,000021_000040,SiPhy,1d5731aa171a16c50f3833a0092796f3e19811fe66b7deee2ff9a3a904e95286,PARSED,False
ours_full,Mass_MnRE,1,000021_000040,SiPhy,1d5731aa171a16c50f3833a0092796f3e19811fe66b7deee2ff9a3a904e95286,PARSED,False
geometric_grounding,Mass_MnRE,1,000022_000010,SiPhy,7f9c4851c5a4d6a488b6466ac652415b406bf0b33b66b12a13580f89f7bbbe0f,PARSED,False
ours_full,Mass_MnRE,1,000022_000010,SiPhy,7f9c4851c5a4d6a488b6466ac652415b406bf0b33b66b12a13580f89f7bbbe0f,PARSED,False
geometric_grounding,Mass_MnRE,1,000022_000040,SiPhy,e24ae2cf2e9552141069c292a701b95aec6471f8d0782452dfe647ea4702c1d4,PARSED,False
ours_full,Mass_MnRE,1,000022_000040,SiPhy,e24ae2cf2e9552141069c292a701b95aec6471f8d0782452dfe647ea4702c1d4,PARSED,False
geometric_grounding,Mass_MnRE,1,000023_000010,SiPhy,554335366edd1f06f5fadb0057c2858d3e9fc2290d5ff8508656d5ede0c57db3,PARSED,False
ours_full,Mass_MnRE,1,000023_000010,SiPhy,554335366edd1f06f5fadb0057c2858d3e9fc2290d5ff8508656d5ede0c57db3,PARSED,False
geometric_grounding,Mass_MnRE,1,000023_000040,SiPhy,89766d566bac13987f8e0de734806408342067a3a94ff79b95322515f7111044,PARSED,False
ours_full,Mass_MnRE,1,000023_000040,SiPhy,89766d566bac13987f8e0de734806408342067a3a94ff79b95322515f7111044,PARSED,False
geometric_grounding,Mass_MnRE,1,000024_000010,SiPhy,e084fdd4850a0007eb2887abc264e0844b2082ce03b913c3a725673a29aa77d8,PARSED,False
ours_full,Mass_MnRE,1,000024_000010,SiPhy,e084fdd4850a0007eb2887abc264e0844b2082ce03b913c3a725673a29aa77d8,PARSED,False
geometric_grounding,Mass_MnRE,1,000024_000040,SiPhy,9b20321b391936bac837cb9fd3f0f3cc78cd32a7023c9d4418b0b25a1896d110,PARSED,False
ours_full,Mass_MnRE,1,000024_000040,SiPhy,9b20321b391936bac837cb9fd3f0f3cc78cd32a7023c9d4418b0b25a1896d110,PARSED,False
geometric_grounding,Mass_MnRE,2,000000_000010,SiPhy,5126725d3833e2525d8aa5743cfab78d576fea9cf7add60450ffbcd54aa36403,PARSED,False
ours_full,Mass_MnRE,2,000000_000010,SiPhy,5126725d3833e2525d8aa5743cfab78d576fea9cf7add60450ffbcd54aa36403,PARSED,False
geometric_grounding,Mass_MnRE,2,000000_000040,SiPhy,bf8c45b957852e9bb64e9c0b7bbfa9a7a241d7d31789b8aeb82f52903a1273dd,PARSED,False
ours_full,Mass_MnRE,2,000000_000040,SiPhy,bf8c45b957852e9bb64e9c0b7bbfa9a7a241d7d31789b8aeb82f52903a1273dd,PARSED,False
geometric_grounding,Mass_MnRE,2,000001_000010,SiPhy,0d3e14e24fb3235307162c88263bcddf3e984764ead5c917da90c1da7b50339e,PARSED,False
ours_full,Mass_MnRE,2,000001_000010,SiPhy,0d3e14e24fb3235307162c88263bcddf3e984764ead5c917da90c1da7b50339e,PARSED,False
geometric_grounding,Mass_MnRE,2,000001_000040,SiPhy,04c8513b648b81adb1f5b1239d85485429eb9d64673ecb9264194e5b0b0a5193,PARSED,False
ours_full,Mass_MnRE,2,000001_000040,SiPhy,04c8513b648b81adb1f5b1239d85485429eb9d64673ecb9264194e5b0b0a5193,PARSED,False
geometric_grounding,Mass_MnRE,2,000002_000010,SiPhy,3e3cf6978c8214a4f9392759328fc7132e222ce64a2ea684faa3347d39036381,PARSED,False
ours_full,Mass_MnRE,2,000002_000010,SiPhy,3e3cf6978c8214a4f9392759328fc7132e222ce64a2ea684faa3347d39036381,PARSED,False
geometric_grounding,Mass_MnRE,2,000002_000040,SiPhy,1de2ff6fa8265dcccbbc1a16001a1b76578096b5d9a63733c1df047f2504878c,PARSED,False
ours_full,Mass_MnRE,2,000002_000040,SiPhy,1de2ff6fa8265dcccbbc1a16001a1b76578096b5d9a63733c1df047f2504878c,PARSED,False
geometric_grounding,Mass_MnRE,2,000003_000010,SiPhy,e8d62b289da88e61a207a26dd6988afc057f8bc98247f6eeed505d769ecf37a0,PARSED,False
ours_full,Mass_MnRE,2,000003_000010,SiPhy,e8d62b289da88e61a207a26dd6988afc057f8bc98247f6eeed505d769ecf37a0,PARSED,False
geometric_grounding,Mass_MnRE,2,000003_000040,SiPhy,d19ce318601719ad77fdd7c97c175f70e9a8ac289e030c2fb3073cd549f0e132,PARSED,False
ours_full,Mass_MnRE,2,000003_000040,SiPhy,d19ce318601719ad77fdd7c97c175f70e9a8ac289e030c2fb3073cd549f0e132,PARSED,False
geometric_grounding,Mass_MnRE,2,000004_000010,SiPhy,d998d9fe522b46c115b71f30e022b64f1b7e33f57bf3d7f880a4064e2186e684,PARSED,False
ours_full,Mass_MnRE,2,000004_000010,SiPhy,d998d9fe522b46c115b71f30e022b64f1b7e33f57bf3d7f880a4064e2186e684,PARSED,False
geometric_grounding,Mass_MnRE,2,000004_000040,SiPhy,8ae296e4f7d3427162b8d0477cf98c041763d4ffac0f8e32299f0e286378955b,PARSED,False
ours_full,Mass_MnRE,2,000004_000040,SiPhy,8ae296e4f7d3427162b8d0477cf98c041763d4ffac0f8e32299f0e286378955b,PARSED,False
geometric_grounding,Mass_MnRE,2,000005_000010,SiPhy,3fa0d10ff710154b2e75bc9387e638ffc25c70c4d96b190b12540eda77813a8f,PARSED,False
ours_full,Mass_MnRE,2,000005_000010,SiPhy,3fa0d10ff710154b2e75bc9387e638ffc25c70c4d96b190b12540eda77813a8f,PARSED,False
geometric_grounding,Mass_MnRE,2,000005_000040,SiPhy,75ac40fc756cad034cef9251d19545067978c1baa4521a0ddb5a2de520d2471c,PARSED,False
ours_full,Mass_MnRE,2,000005_000040,SiPhy,75ac40fc756cad034cef9251d19545067978c1baa4521a0ddb5a2de520d2471c,PARSED,False
geometric_grounding,Mass_MnRE,2,000006_000010,SiPhy,be0ccf327dc1abf408f9ef8def57ecaceb870b745236d2d277d63e0d46c2981c,PARSED,False
ours_full,Mass_MnRE,2,000006_000010,SiPhy,be0ccf327dc1abf408f9ef8def57ecaceb870b745236d2d277d63e0d46c2981c,PARSED,False
geometric_grounding,Mass_MnRE,2,000006_000040,SiPhy,3ffcdb83ebdf649e01bc499861d2da30bee47df2d77ef7071701162570ffc73a,PARSED,False
ours_full,Mass_MnRE,2,000006_000040,SiPhy,3ffcdb83ebdf649e01bc499861d2da30bee47df2d77ef7071701162570ffc73a,PARSED,False
geometric_grounding,Mass_MnRE,2,000007_000010,SiPhy,9720068701b84f5c4a15dce764499f4df952bb673981803a4b2e504909bb6a26,PARSED,False
ours_full,Mass_MnRE,2,000007_000010,SiPhy,9720068701b84f5c4a15dce764499f4df952bb673981803a4b2e504909bb6a26,PARSED,False
geometric_grounding,Mass_MnRE,2,000007_000040,SiPhy,277d0adf8924df2fbcbd539e5550473821c79423b2c4dfbb34598be15589bdbf,PARSED,False
ours_full,Mass_MnRE,2,000007_000040,SiPhy,277d0adf8924df2fbcbd539e5550473821c79423b2c4dfbb34598be15589bdbf,PARSED,False
geometric_grounding,Mass_MnRE,2,000008_000010,SiPhy,2d88d8be83ee19256d6135b407d5b0d3b7ec5c92f2b23f20f3e579182cb9ab99,PARSED,False
ours_full,Mass_MnRE,2,000008_000010,SiPhy,2d88d8be83ee19256d6135b407d5b0d3b7ec5c92f2b23f20f3e579182cb9ab99,PARSED,False
geometric_grounding,Mass_MnRE,2,000008_000040,SiPhy,b2101ca80705b1b3b5e90d1be66e9c5d1bf8b79961316daa6526020da0ae930c,PARSED,False
ours_full,Mass_MnRE,2,000008_000040,SiPhy,b2101ca80705b1b3b5e90d1be66e9c5d1bf8b79961316daa6526020da0ae930c,PARSED,False
geometric_grounding,Mass_MnRE,2,000009_000010,SiPhy,bdd33949816b312e5b61e5ab33281cdf7689c3657caa8fbc629f4a0c722fcf23,PARSED,False
ours_full,Mass_MnRE,2,000009_000010,SiPhy,bdd33949816b312e5b61e5ab33281cdf7689c3657caa8fbc629f4a0c722fcf23,PARSED,False
geometric_grounding,Mass_MnRE,2,000009_000040,SiPhy,6bfd85cd4b76cc0603153117ffdeb679d1499a458efbf7b40e07449aa42dcc25,PARSED,False
ours_full,Mass_MnRE,2,000009_000040,SiPhy,6bfd85cd4b76cc0603153117ffdeb679d1499a458efbf7b40e07449aa42dcc25,PARSED,False
geometric_grounding,Mass_MnRE,2,000010_000010,SiPhy,b272c3e4fbc3bb641a775dccd266b8f96713c0d4d2d72bb6de8693c62c1037fa,PARSED,False
ours_full,Mass_MnRE,2,000010_000010,SiPhy,b272c3e4fbc3bb641a775dccd266b8f96713c0d4d2d72bb6de8693c62c1037fa,PARSED,False
geometric_grounding,Mass_MnRE,2,000010_000040,SiPhy,5acdc1876f63ed953fa5a024dfe7b432e58d0b29b637b905f71c70c1cf67dab0,PARSED,False
ours_full,Mass_MnRE,2,000010_000040,SiPhy,5acdc1876f63ed953fa5a024dfe7b432e58d0b29b637b905f71c70c1cf67dab0,PARSED,False
geometric_grounding,Mass_MnRE,2,000011_000010,SiPhy,3ebca9fcb82375f1b8b45470086bf635c008d937a26d1d71dddb89afbbcd4205,PARSED,False
ours_full,Mass_MnRE,2,000011_000010,SiPhy,3ebca9fcb82375f1b8b45470086bf635c008d937a26d1d71dddb89afbbcd4205,PARSED,False
geometric_grounding,Mass_MnRE,2,000011_000040,SiPhy,1b8f43d15153a9ad3b81b6a02c3acbfe0fda0931b773c019f884f58e36af618f,PARSED,False
ours_full,Mass_MnRE,2,000011_000040,SiPhy,1b8f43d15153a9ad3b81b6a02c3acbfe0fda0931b773c019f884f58e36af618f,PARSED,False
geometric_grounding,Mass_MnRE,2,000012_000010,SiPhy,7ba47320d654911995ea3f188143748f95e8599a9d5521ce9e073f0a05480db7,PARSED,False
ours_full,Mass_MnRE,2,000012_000010,SiPhy,7ba47320d654911995ea3f188143748f95e8599a9d5521ce9e073f0a05480db7,PARSED,False
geometric_grounding,Mass_MnRE,2,000012_000040,SiPhy,ae96adf4f357989299069237abd2365890a08fa2ad17f998dd7b53506dba21c5,PARSED,False
ours_full,Mass_MnRE,2,000012_000040,SiPhy,ae96adf4f357989299069237abd2365890a08fa2ad17f998dd7b53506dba21c5,PARSED,False
geometric_grounding,Mass_MnRE,2,000013_000010,SiPhy,c5e3bf96e9644ca919394bdb909de598ad888f15440e895dad9266ca494dbe40,PARSED,False
ours_full,Mass_MnRE,2,000013_000010,SiPhy,c5e3bf96e9644ca919394bdb909de598ad888f15440e895dad9266ca494dbe40,PARSED,False
geometric_grounding,Mass_MnRE,2,000013_000040,SiPhy,187633724359f6d782372486bb31c49ee4a97f5f9d7bfeaf41bcaaa71de69901,PARSED,False
ours_full,Mass_MnRE,2,000013_000040,SiPhy,187633724359f6d782372486bb31c49ee4a97f5f9d7bfeaf41bcaaa71de69901,PARSED,False
geometric_grounding,Mass_MnRE,2,000014_000010,SiPhy,18b172625529eff13bc2ed4084df6f0e24b96471ea49aec041314ffdf9fa9844,PARSED,False
ours_full,Mass_MnRE,2,000014_000010,SiPhy,18b172625529eff13bc2ed4084df6f0e24b96471ea49aec041314ffdf9fa9844,PARSED,False
geometric_grounding,Mass_MnRE,2,000014_000040,SiPhy,d60795fe708f8b9c5ca158285e6b0a795af5ae4c65501fb0e4ec1990de111eb4,PARSED,False
ours_full,Mass_MnRE,2,000014_000040,SiPhy,d60795fe708f8b9c5ca158285e6b0a795af5ae4c65501fb0e4ec1990de111eb4,PARSED,False
geometric_grounding,Mass_MnRE,2,000015_000010,SiPhy,3420d72253b5f6cd40e94b37e88cce4d4ea8d5cea674747390ee2648e1fa3505,PARSED,False
ours_full,Mass_MnRE,2,000015_000010,SiPhy,3420d72253b5f6cd40e94b37e88cce4d4ea8d5cea674747390ee2648e1fa3505,PARSED,False
geometric_grounding,Mass_MnRE,2,000015_000040,SiPhy,83255e635c8d929a26a43581726c8bc5802441a743691997b10ae521b60098b7,PARSED,False
ours_full,Mass_MnRE,2,000015_000040,SiPhy,83255e635c8d929a26a43581726c8bc5802441a743691997b10ae521b60098b7,PARSED,False
geometric_grounding,Mass_MnRE,2,000016_000010,SiPhy,69bf433e5c7b1edf9f69a7171210ff3bd04d525d672d68e8a70a6e908a9a273d,PARSED,False
ours_full,Mass_MnRE,2,000016_000010,SiPhy,69bf433e5c7b1edf9f69a7171210ff3bd04d525d672d68e8a70a6e908a9a273d,PARSED,False
geometric_grounding,Mass_MnRE,2,000016_000040,SiPhy,28a846f9b32e36d38ba85487978b29461fe007dc8e4b4b3399dbbe1017e36e2b,PARSED,False
ours_full,Mass_MnRE,2,000016_000040,SiPhy,28a846f9b32e36d38ba85487978b29461fe007dc8e4b4b3399dbbe1017e36e2b,PARSED,False
geometric_grounding,Mass_MnRE,2,000017_000010,SiPhy,af2777e55ced579c07731f2da988c118b10faa84b8d5c2d00ddd60e1139bf438,PARSED,False
ours_full,Mass_MnRE,2,000017_000010,SiPhy,af2777e55ced579c07731f2da988c118b10faa84b8d5c2d00ddd60e1139bf438,PARSED,False
geometric_grounding,Mass_MnRE,2,000017_000035,SiPhy,8cdcaefaaf79905c8e9dd25c8ea1cf309861d07aa39a4e3a38dbbdc6027627f8,PARSED,False
ours_full,Mass_MnRE,2,000017_000035,SiPhy,8cdcaefaaf79905c8e9dd25c8ea1cf309861d07aa39a4e3a38dbbdc6027627f8,PARSED,False
geometric_grounding,Mass_MnRE,2,000018_000010,SiPhy,d507ea3dc81c69157d086d778dc793efc0e6710e2e8912a53f415c53cd6a02d7,PARSED,False
ours_full,Mass_MnRE,2,000018_000010,SiPhy,d507ea3dc81c69157d086d778dc793efc0e6710e2e8912a53f415c53cd6a02d7,PARSED,False
geometric_grounding,Mass_MnRE,2,000018_000040,SiPhy,44712d7c3ba457e49c4b0a486dfec06b430db67a1ddc68984b66fbfa1a196fa8,PARSED,False
ours_full,Mass_MnRE,2,000018_000040,SiPhy,44712d7c3ba457e49c4b0a486dfec06b430db67a1ddc68984b66fbfa1a196fa8,PARSED,False
geometric_grounding,Mass_MnRE,2,000019_000010,SiPhy,c856d7d2319c79327022653378a1d34fc899e5509035c551625580517bbdc981,PARSED,False
ours_full,Mass_MnRE,2,000019_000010,SiPhy,c856d7d2319c79327022653378a1d34fc899e5509035c551625580517bbdc981,PARSED,False
geometric_grounding,Mass_MnRE,2,000019_000040,SiPhy,9d7f35d42c52e52efdef3e706de5501528d840f7228918c314302aa870b12972,PARSED,False
ours_full,Mass_MnRE,2,000019_000040,SiPhy,9d7f35d42c52e52efdef3e706de5501528d840f7228918c314302aa870b12972,PARSED,False
geometric_grounding,Mass_MnRE,2,000020_000010,SiPhy,4f30e6d8ade21f5d9b006b893dda1d21de54e914a1456fdaa3b0763e902d2e14,PARSED,False
ours_full,Mass_MnRE,2,000020_000010,SiPhy,4f30e6d8ade21f5d9b006b893dda1d21de54e914a1456fdaa3b0763e902d2e14,PARSED,False
geometric_grounding,Mass_MnRE,2,000020_000040,SiPhy,7b2c0861198d0966b75716e0bfb2f688f772d4b06cb12e561684854185cfada5,PARSED,False
ours_full,Mass_MnRE,2,000020_000040,SiPhy,7b2c0861198d0966b75716e0bfb2f688f772d4b06cb12e561684854185cfada5,PARSED,False
geometric_grounding,Mass_MnRE,2,000021_000010,SiPhy,1d89709fab3fd3957539d6d66efabbe27408d305da792524b1cc39fcd751b0a8,PARSED,False
ours_full,Mass_MnRE,2,000021_000010,SiPhy,1d89709fab3fd3957539d6d66efabbe27408d305da792524b1cc39fcd751b0a8,PARSED,False
geometric_grounding,Mass_MnRE,2,000021_000040,SiPhy,cd6bf7d8cc4384e35d3541f463a6e3b3903a7dc342512f145ec87e492fbf5602,PARSED,False
ours_full,Mass_MnRE,2,000021_000040,SiPhy,cd6bf7d8cc4384e35d3541f463a6e3b3903a7dc342512f145ec87e492fbf5602,PARSED,False
geometric_grounding,Mass_MnRE,2,000022_000010,SiPhy,bfdc63e6021335367a01372e89a211a89f6d82abee01c2674ebab23df878bf7e,PARSED,False
ours_full,Mass_MnRE,2,000022_000010,SiPhy,bfdc63e6021335367a01372e89a211a89f6d82abee01c2674ebab23df878bf7e,PARSED,False
geometric_grounding,Mass_MnRE,2,000022_000040,SiPhy,9df687e590f11c0c9a685525c5a43f227b6f040bc044aea4182722b02bd95cd7,PARSED,False
ours_full,Mass_MnRE,2,000022_000040,SiPhy,9df687e590f11c0c9a685525c5a43f227b6f040bc044aea4182722b02bd95cd7,PARSED,False
geometric_grounding,Mass_MnRE,2,000023_000010,SiPhy,fa8474124fd53e349f9f3c7c708d30558f5e11fa3c86c5b081ca5f2241b39905,PARSED,False
ours_full,Mass_MnRE,2,000023_000010,SiPhy,fa8474124fd53e349f9f3c7c708d30558f5e11fa3c86c5b081ca5f2241b39905,PARSED,False
geometric_grounding,Mass_MnRE,2,000023_000040,SiPhy,6b076091c17455a3fe3a0dd8de3412c15e73b4b96480ae6d6e8f19d54dba8093,PARSED,False
ours_full,Mass_MnRE,2,000023_000040,SiPhy,6b076091c17455a3fe3a0dd8de3412c15e73b4b96480ae6d6e8f19d54dba8093,PARSED,False
geometric_grounding,Mass_MnRE,2,000024_000010,SiPhy,096e0c90ef018047cbaa1c75b686ec197acd3f9184c41809df4b288f20351720,PARSED,False
ours_full,Mass_MnRE,2,000024_000010,SiPhy,096e0c90ef018047cbaa1c75b686ec197acd3f9184c41809df4b288f20351720,PARSED,False
geometric_grounding,Mass_MnRE,2,000024_000040,SiPhy,7223dc60678d826008cc0b1d5919a4fc7fa461194203fda43e348541d03c648b,PARSED,False
ours_full,Mass_MnRE,2,000024_000040,SiPhy,7223dc60678d826008cc0b1d5919a4fc7fa461194203fda43e348541d03c648b,PARSED,False
geometric_grounding,Mass_MnRE,3,000000_000010,SiPhy,fe2dee6fa0729069d183f35e4f0cb9acd327d8523c5e3440c1b158803243b3a0,PARSED,False
ours_full,Mass_MnRE,3,000000_000010,SiPhy,fe2dee6fa0729069d183f35e4f0cb9acd327d8523c5e3440c1b158803243b3a0,PARSED,False
geometric_grounding,Mass_MnRE,3,000000_000040,SiPhy,ca0069f7a0f2a4160483e013fddacd1e08d9cc20e89e1fed1ea9741b98782730,PARSED,False
ours_full,Mass_MnRE,3,000000_000040,SiPhy,ca0069f7a0f2a4160483e013fddacd1e08d9cc20e89e1fed1ea9741b98782730,PARSED,False
geometric_grounding,Mass_MnRE,3,000001_000010,SiPhy,24de56352fc77a03398aae4972f5643eecf5f210cca90dcabfa1783857884696,PARSED,False
ours_full,Mass_MnRE,3,000001_000010,SiPhy,24de56352fc77a03398aae4972f5643eecf5f210cca90dcabfa1783857884696,PARSED,False
geometric_grounding,Mass_MnRE,3,000001_000040,SiPhy,d1a0765a5bdf04c28e4178a6c703da5df815ac525b3ece1ae3279f24db0b87d4,PARSED,False
ours_full,Mass_MnRE,3,000001_000040,SiPhy,d1a0765a5bdf04c28e4178a6c703da5df815ac525b3ece1ae3279f24db0b87d4,PARSED,False
geometric_grounding,Mass_MnRE,3,000002_000010,SiPhy,2a2c0d4181ccda427ebd84b0df7d9a7b947e8bdbe5dfa78d3e61961b8304ac00,PARSED,False
ours_full,Mass_MnRE,3,000002_000010,SiPhy,2a2c0d4181ccda427ebd84b0df7d9a7b947e8bdbe5dfa78d3e61961b8304ac00,PARSED,False
geometric_grounding,Mass_MnRE,3,000002_000040,SiPhy,5c32c16f42aa2739ce9d79acce6a5b9cc4d7113b109a980a8d8d847d6cad9dc1,PARSED,False
ours_full,Mass_MnRE,3,000002_000040,SiPhy,5c32c16f42aa2739ce9d79acce6a5b9cc4d7113b109a980a8d8d847d6cad9dc1,PARSED,False
geometric_grounding,Mass_MnRE,3,000003_000010,SiPhy,bafea74d75a4090caef5160cb37a03f3263c0e73905fbf80d6e2d7556bd72292,PARSED,False
ours_full,Mass_MnRE,3,000003_000010,SiPhy,bafea74d75a4090caef5160cb37a03f3263c0e73905fbf80d6e2d7556bd72292,PARSED,False
geometric_grounding,Mass_MnRE,3,000003_000040,SiPhy,b76f6b3abb2a7406956bb5b425a0678f5c4db14e1b7350ee872ee404180b63ed,PARSED,False
ours_full,Mass_MnRE,3,000003_000040,SiPhy,b76f6b3abb2a7406956bb5b425a0678f5c4db14e1b7350ee872ee404180b63ed,PARSED,False
geometric_grounding,Mass_MnRE,3,000004_000010,SiPhy,631aff6a377b950b028a58885a36212a741ae27f595faab89aa5175d7dd1d20f,PARSED,False
ours_full,Mass_MnRE,3,000004_000010,SiPhy,631aff6a377b950b028a58885a36212a741ae27f595faab89aa5175d7dd1d20f,PARSED,False
geometric_grounding,Mass_MnRE,3,000004_000040,SiPhy,f78b21f81bc08665d85aee81cbc0da55c9d62f1768b1ee09e8b30ac46df735f9,PARSED,False
ours_full,Mass_MnRE,3,000004_000040,SiPhy,f78b21f81bc08665d85aee81cbc0da55c9d62f1768b1ee09e8b30ac46df735f9,PARSED,False
geometric_grounding,Mass_MnRE,3,000005_000010,SiPhy,3697f9b596b2a138dbe05b80c1a21804f7394742122d570094d8587db9dcf484,PARSED,False
ours_full,Mass_MnRE,3,000005_000010,SiPhy,3697f9b596b2a138dbe05b80c1a21804f7394742122d570094d8587db9dcf484,PARSED,False
geometric_grounding,Mass_MnRE,3,000005_000040,SiPhy,1079f1f741ff0839b696478953d3f5258d3b644c564f2503cb30d70b23e7e5a6,PARSED,False
ours_full,Mass_MnRE,3,000005_000040,SiPhy,1079f1f741ff0839b696478953d3f5258d3b644c564f2503cb30d70b23e7e5a6,PARSED,False
geometric_grounding,Mass_MnRE,3,000006_000010,SiPhy,9baf51630a61c4760986b95682b9f022b5ec4cf0deb3009bee470736883a4a3e,PARSED,False
ours_full,Mass_MnRE,3,000006_000010,SiPhy,9baf51630a61c4760986b95682b9f022b5ec4cf0deb3009bee470736883a4a3e,PARSED,False
geometric_grounding,Mass_MnRE,3,000006_000040,SiPhy,c521a8bfbb8885eed07eba4880aed967920a75d5a932f843065ad83c9b306a89,PARSED,False
ours_full,Mass_MnRE,3,000006_000040,SiPhy,c521a8bfbb8885eed07eba4880aed967920a75d5a932f843065ad83c9b306a89,PARSED,False
geometric_grounding,Mass_MnRE,3,000007_000010,SiPhy,c4cb5b194aa3aa363e0a85b3c6cbc40735d45ffd268d2d9ee8ee589138d1b6c4,PARSED,False
ours_full,Mass_MnRE,3,000007_000010,SiPhy,c4cb5b194aa3aa363e0a85b3c6cbc40735d45ffd268d2d9ee8ee589138d1b6c4,PARSED,False
geometric_grounding,Mass_MnRE,3,000007_000040,SiPhy,14b4d538d6c3a867314939887c809104be17ce74f3de8773c338c1948ecd4d7e,PARSED,False
ours_full,Mass_MnRE,3,000007_000040,SiPhy,14b4d538d6c3a867314939887c809104be17ce74f3de8773c338c1948ecd4d7e,PARSED,False
geometric_grounding,Mass_MnRE,3,000008_000010,SiPhy,5b5a56e74b061ce49b89be3a2123b127545e8dbbab3d3ccab48856ea1b521e90,PARSED,False
ours_full,Mass_MnRE,3,000008_000010,SiPhy,5b5a56e74b061ce49b89be3a2123b127545e8dbbab3d3ccab48856ea1b521e90,PARSED,False
geometric_grounding,Mass_MnRE,3,000008_000040,SiPhy,a98290a02542321b1b4974098256532f532db29b4fcd560616465191ecf5bd08,PARSED,False
ours_full,Mass_MnRE,3,000008_000040,SiPhy,a98290a02542321b1b4974098256532f532db29b4fcd560616465191ecf5bd08,PARSED,False
geometric_grounding,Mass_MnRE,3,000009_000010,SiPhy,37da5e228ccfe47663d3c6c65bcaa5682885f6978526fac5673ce77188b7cc2f,PARSED,False
ours_full,Mass_MnRE,3,000009_000010,SiPhy,37da5e228ccfe47663d3c6c65bcaa5682885f6978526fac5673ce77188b7cc2f,PARSED,False
geometric_grounding,Mass_MnRE,3,000009_000040,SiPhy,3162831a1099c54390d53bca3dcc35c7ec2737172920a71fcf19fcdd7f427bac,PARSED,False
ours_full,Mass_MnRE,3,000009_000040,SiPhy,3162831a1099c54390d53bca3dcc35c7ec2737172920a71fcf19fcdd7f427bac,PARSED,False
geometric_grounding,Mass_MnRE,3,000010_000010,SiPhy,e99a84b192f49f71aa43787f5903faabe603d7cae0d9c4cfc49f507b5033b2a3,PARSED,False
ours_full,Mass_MnRE,3,000010_000010,SiPhy,e99a84b192f49f71aa43787f5903faabe603d7cae0d9c4cfc49f507b5033b2a3,PARSED,False
geometric_grounding,Mass_MnRE,3,000010_000040,SiPhy,89501184e8395d8d3cb6761bb4ff6043f1762c7a226327122e9a4ef51bb86125,PARSED,False
ours_full,Mass_MnRE,3,000010_000040,SiPhy,89501184e8395d8d3cb6761bb4ff6043f1762c7a226327122e9a4ef51bb86125,PARSED,False
geometric_grounding,Mass_MnRE,3,000011_000010,SiPhy,b23cc1f4718f01720b1e31094eb38b913f0c1e6d983cd8dbf30d8ff9f6842946,PARSED,False
ours_full,Mass_MnRE,3,000011_000010,SiPhy,b23cc1f4718f01720b1e31094eb38b913f0c1e6d983cd8dbf30d8ff9f6842946,PARSED,False
geometric_grounding,Mass_MnRE,3,000011_000040,SiPhy,f143ac1377ab921356b55a08ca9e121a38a132a6ae15c0557a6741d30a55d130,PARSED,False
ours_full,Mass_MnRE,3,000011_000040,SiPhy,f143ac1377ab921356b55a08ca9e121a38a132a6ae15c0557a6741d30a55d130,PARSED,False
geometric_grounding,Mass_MnRE,3,000012_000010,SiPhy,0bd2e8ba339e8f603b228a78e34af4c9ad5baee1303e14e3f1165981baa68d2d,PARSED,False
ours_full,Mass_MnRE,3,000012_000010,SiPhy,0bd2e8ba339e8f603b228a78e34af4c9ad5baee1303e14e3f1165981baa68d2d,PARSED,False
geometric_grounding,Mass_MnRE,3,000012_000040,SiPhy,6d721e5de7408d6467e3bb347a6f7f86dfc871d4fe411ea80bab7d65da3f6990,PARSED,False
ours_full,Mass_MnRE,3,000012_000040,SiPhy,6d721e5de7408d6467e3bb347a6f7f86dfc871d4fe411ea80bab7d65da3f6990,PARSED,False
geometric_grounding,Mass_MnRE,3,000013_000010,SiPhy,fe1192f56ed385c7af377a1dadb9f01c2c8eae9bf8153b03c4cac6aafc5aa38e,PARSED,False
ours_full,Mass_MnRE,3,000013_000010,SiPhy,fe1192f56ed385c7af377a1dadb9f01c2c8eae9bf8153b03c4cac6aafc5aa38e,PARSED,False
geometric_grounding,Mass_MnRE,3,000013_000040,SiPhy,0471ccc8e39adad71cafb8f3e0519eafde71621c083fda0eefdf71b076d8de53,PARSED,False
ours_full,Mass_MnRE,3,000013_000040,SiPhy,0471ccc8e39adad71cafb8f3e0519eafde71621c083fda0eefdf71b076d8de53,PARSED,False
geometric_grounding,Mass_MnRE,3,000014_000010,SiPhy,339b2a3c185e9621b99ac7af473e3e8d93c13b060ac544f41dc91187936c4523,PARSED,False
ours_full,Mass_MnRE,3,000014_000010,SiPhy,339b2a3c185e9621b99ac7af473e3e8d93c13b060ac544f41dc91187936c4523,PARSED,False
geometric_grounding,Mass_MnRE,3,000014_000040,SiPhy,e69fdd74aacf4bacc0baa59ebc8f096cf998af4e85630941b761f20f6501902e,PARSED,False
ours_full,Mass_MnRE,3,000014_000040,SiPhy,e69fdd74aacf4bacc0baa59ebc8f096cf998af4e85630941b761f20f6501902e,PARSED,False
geometric_grounding,Mass_MnRE,3,000015_000010,SiPhy,d98d7b7940fd1117cd1d009899aceeacc305e91dd3d8868ee23a9e2580bc119a,PARSED,False
ours_full,Mass_MnRE,3,000015_000010,SiPhy,d98d7b7940fd1117cd1d009899aceeacc305e91dd3d8868ee23a9e2580bc119a,PARSED,False
geometric_grounding,Mass_MnRE,3,000015_000040,SiPhy,26f626071def62c5e819318b142fd551410fde087e181d6ad77726634eee1967,PARSED,False
ours_full,Mass_MnRE,3,000015_000040,SiPhy,26f626071def62c5e819318b142fd551410fde087e181d6ad77726634eee1967,PARSED,False
geometric_grounding,Mass_MnRE,3,000016_000010,SiPhy,21bb1a200d0c55e8eec4056b02a753110e4c9452b094ed926d1e311a6f13259e,PARSED,False
ours_full,Mass_MnRE,3,000016_000010,SiPhy,21bb1a200d0c55e8eec4056b02a753110e4c9452b094ed926d1e311a6f13259e,PARSED,False
geometric_grounding,Mass_MnRE,3,000016_000040,SiPhy,287c83587c64723121f94b826bcac304c79f90ec7c98ad272c2bd24154781ebf,PARSED,False
ours_full,Mass_MnRE,3,000016_000040,SiPhy,287c83587c64723121f94b826bcac304c79f90ec7c98ad272c2bd24154781ebf,PARSED,False
geometric_grounding,Mass_MnRE,3,000017_000010,SiPhy,6f798ae7cc8973b70801c277a2880bac468816eff395cd07108088da4933e938,PARSED,False
ours_full,Mass_MnRE,3,000017_000010,SiPhy,6f798ae7cc8973b70801c277a2880bac468816eff395cd07108088da4933e938,PARSED,False
geometric_grounding,Mass_MnRE,3,000017_000035,SiPhy,4fc1aaf03ded48fa7bb871301369b2ffdcd33ef128e045bdd0fb66e7e60f796e,PARSED,False
ours_full,Mass_MnRE,3,000017_000035,SiPhy,4fc1aaf03ded48fa7bb871301369b2ffdcd33ef128e045bdd0fb66e7e60f796e,PARSED,False
geometric_grounding,Mass_MnRE,3,000018_000010,SiPhy,58bb6e4fe99ff31dc6cdeaece22837d03dc267292a06230a2062d341ab3a4403,PARSED,False
ours_full,Mass_MnRE,3,000018_000010,SiPhy,58bb6e4fe99ff31dc6cdeaece22837d03dc267292a06230a2062d341ab3a4403,PARSED,False
geometric_grounding,Mass_MnRE,3,000018_000040,SiPhy,cdeb795aaeeacd0ab1365aa1651a42f381515459a6b846bc7ebfab5345863853,PARSED,False
ours_full,Mass_MnRE,3,000018_000040,SiPhy,cdeb795aaeeacd0ab1365aa1651a42f381515459a6b846bc7ebfab5345863853,PARSED,False
geometric_grounding,Mass_MnRE,3,000019_000010,SiPhy,49004bc425f7c953e4c9eb5129bac99019aadc4f331ace6755966cfd80301bd0,PARSED,False
ours_full,Mass_MnRE,3,000019_000010,SiPhy,49004bc425f7c953e4c9eb5129bac99019aadc4f331ace6755966cfd80301bd0,PARSED,False
geometric_grounding,Mass_MnRE,3,000019_000040,SiPhy,095af041c78147606560fff9062a20868ef6d653ab7244178876216fffce5b58,PARSED,False
ours_full,Mass_MnRE,3,000019_000040,SiPhy,095af041c78147606560fff9062a20868ef6d653ab7244178876216fffce5b58,PARSED,False
geometric_grounding,Mass_MnRE,3,000020_000010,SiPhy,400f1f4bd911ca7a2b2f237acf259b4ed0a7259afab8bc7ff0fea46e95036c2e,PARSED,False
ours_full,Mass_MnRE,3,000020_000010,SiPhy,400f1f4bd911ca7a2b2f237acf259b4ed0a7259afab8bc7ff0fea46e95036c2e,PARSED,False
geometric_grounding,Mass_MnRE,3,000020_000040,SiPhy,6bc13f4b154c87df5599f5a634568b661afc1afcc275a92b59aa29210413fbce,PARSED,False
ours_full,Mass_MnRE,3,000020_000040,SiPhy,6bc13f4b154c87df5599f5a634568b661afc1afcc275a92b59aa29210413fbce,PARSED,False
geometric_grounding,Mass_MnRE,3,000021_000010,SiPhy,3714dd387004ce2065ea6d63cf83f26f0dcdc7d163805eafa5e212d1833bb937,PARSED,False
ours_full,Mass_MnRE,3,000021_000010,SiPhy,3714dd387004ce2065ea6d63cf83f26f0dcdc7d163805eafa5e212d1833bb937,PARSED,False
geometric_grounding,Mass_MnRE,3,000021_000040,SiPhy,9f34e2fb9aa7aef0b196f54c9437470fa6f98a171dd6e1fedb9f26bedd7ead2b,PARSED,False
ours_full,Mass_MnRE,3,000021_000040,SiPhy,9f34e2fb9aa7aef0b196f54c9437470fa6f98a171dd6e1fedb9f26bedd7ead2b,PARSED,False
geometric_grounding,Mass_MnRE,3,000022_000010,SiPhy,2fcc5c697c4454f39167057b6c4350ae1b526dc363874b4920014d3f66837ee1,PARSED,False
ours_full,Mass_MnRE,3,000022_000010,SiPhy,2fcc5c697c4454f39167057b6c4350ae1b526dc363874b4920014d3f66837ee1,PARSED,False
geometric_grounding,Mass_MnRE,3,000022_000040,SiPhy,195b1881165de3158441d0557c37b48870c6806ed985ffa216e8231fa27d1b9a,PARSED,False
ours_full,Mass_MnRE,3,000022_000040,SiPhy,195b1881165de3158441d0557c37b48870c6806ed985ffa216e8231fa27d1b9a,PARSED,False
geometric_grounding,Mass_MnRE,3,000023_000010,SiPhy,a5eaa8267df1bd3a435687580604951143b742a27cc300dd13ba41ef0cfb4045,PARSED,False
ours_full,Mass_MnRE,3,000023_000010,SiPhy,a5eaa8267df1bd3a435687580604951143b742a27cc300dd13ba41ef0cfb4045,PARSED,False
geometric_grounding,Mass_MnRE,3,000023_000040,SiPhy,a7c571d6b5627532bb7745e317c13333143189f15f55d41cd6070e486dcfb8d5,PARSED,False
ours_full,Mass_MnRE,3,000023_000040,SiPhy,a7c571d6b5627532bb7745e317c13333143189f15f55d41cd6070e486dcfb8d5,PARSED,False
geometric_grounding,Mass_MnRE,3,000024_000010,SiPhy,f9bc98bced38ded97d8fd1de1f9a7c0dc335a00ae0226a6602a28445a393fd13,PARSED,False
ours_full,Mass_MnRE,3,000024_000010,SiPhy,f9bc98bced38ded97d8fd1de1f9a7c0dc335a00ae0226a6602a28445a393fd13,PARSED,False
geometric_grounding,Mass_MnRE,3,000024_000040,SiPhy,a73bb2e0a17c6e7db6139b61d542f15b1f5809f969b7fc15e3add93a8bf58f94,PARSED,False
ours_full,Mass_MnRE,3,000024_000040,SiPhy,a73bb2e0a17c6e7db6139b61d542f15b1f5809f969b7fc15e3add93a8bf58f94,PARSED,False
geometric_grounding,Mass_MnRE,4,000000_000010,SiPhy,01b29e185728136d77853a3e96897a6bb16d132c3a06a9cb1a776cd5b21ba127,PARSED,False
ours_full,Mass_MnRE,4,000000_000010,SiPhy,01b29e185728136d77853a3e96897a6bb16d132c3a06a9cb1a776cd5b21ba127,PARSED,False
geometric_grounding,Mass_MnRE,4,000000_000040,SiPhy,94759861d47fa3f24a0be9d281b45956a265e3538e155eb8ab4461177a8081c4,PARSED,False
ours_full,Mass_MnRE,4,000000_000040,SiPhy,94759861d47fa3f24a0be9d281b45956a265e3538e155eb8ab4461177a8081c4,PARSED,False
geometric_grounding,Mass_MnRE,4,000001_000010,SiPhy,a610d87fbd8a17c9cb2d9b4a10459ebe9e11d5adb4e7e42480f6a0c200000dbb,PARSED,False
ours_full,Mass_MnRE,4,000001_000010,SiPhy,a610d87fbd8a17c9cb2d9b4a10459ebe9e11d5adb4e7e42480f6a0c200000dbb,PARSED,False
geometric_grounding,Mass_MnRE,4,000001_000040,SiPhy,9cdcf31518dcefbfb4f9a4f425fc54b01d6341b77d7aad5910d5c7629bc51628,PARSED,False
ours_full,Mass_MnRE,4,000001_000040,SiPhy,9cdcf31518dcefbfb4f9a4f425fc54b01d6341b77d7aad5910d5c7629bc51628,PARSED,False
geometric_grounding,Mass_MnRE,4,000002_000010,SiPhy,f8a15f665147231402f11731d4894ab6aa4692bad6afc6b03d1ce7bd804219b0,PARSED,False
ours_full,Mass_MnRE,4,000002_000010,SiPhy,f8a15f665147231402f11731d4894ab6aa4692bad6afc6b03d1ce7bd804219b0,PARSED,False
geometric_grounding,Mass_MnRE,4,000002_000040,SiPhy,a6078ebb707527533cf37c653434d9709ca0a0682bcf908eb3fc8920ebf02bad,PARSED,False
ours_full,Mass_MnRE,4,000002_000040,SiPhy,a6078ebb707527533cf37c653434d9709ca0a0682bcf908eb3fc8920ebf02bad,PARSED,False
geometric_grounding,Mass_MnRE,4,000003_000010,SiPhy,e3941f1300b5b30ed970c0e08573b2284f848cfe81703ef499a5efe94a790ea8,PARSED,False
ours_full,Mass_MnRE,4,000003_000010,SiPhy,e3941f1300b5b30ed970c0e08573b2284f848cfe81703ef499a5efe94a790ea8,PARSED,False
geometric_grounding,Mass_MnRE,4,000003_000040,SiPhy,73c888d5d072731445870807b098594398420b0c77a5de0d00c3034193fc9938,PARSED,False
ours_full,Mass_MnRE,4,000003_000040,SiPhy,73c888d5d072731445870807b098594398420b0c77a5de0d00c3034193fc9938,PARSED,False
geometric_grounding,Mass_MnRE,4,000004_000010,SiPhy,2b6d26c9ec879e2848a0c0e8fff7a5d51c6e4a070a58fb2e3fef4411af435c98,PARSED,False
ours_full,Mass_MnRE,4,000004_000010,SiPhy,2b6d26c9ec879e2848a0c0e8fff7a5d51c6e4a070a58fb2e3fef4411af435c98,PARSED,False
geometric_grounding,Mass_MnRE,4,000004_000040,SiPhy,e280a1da851fef32fe03748c64281ae40132322ece7b7af309e7916ab9e2b334,PARSED,False
ours_full,Mass_MnRE,4,000004_000040,SiPhy,e280a1da851fef32fe03748c64281ae40132322ece7b7af309e7916ab9e2b334,PARSED,False
geometric_grounding,Mass_MnRE,4,000005_000010,SiPhy,6dfa6df3797f4a07e064c9c8c46bb0d842369b70298d60abb262936770900ce4,PARSED,False
ours_full,Mass_MnRE,4,000005_000010,SiPhy,6dfa6df3797f4a07e064c9c8c46bb0d842369b70298d60abb262936770900ce4,PARSED,False
geometric_grounding,Mass_MnRE,4,000005_000040,SiPhy,635e2e653faace8adfb9ab48f28e1a7425409dcd20d7b0b06f6b2fd85748187b,PARSED,False
ours_full,Mass_MnRE,4,000005_000040,SiPhy,635e2e653faace8adfb9ab48f28e1a7425409dcd20d7b0b06f6b2fd85748187b,PARSED,False
geometric_grounding,Mass_MnRE,4,000006_000010,SiPhy,88daabc704dbbbdfd23160fdfb61514d8613a5b0e51fc954781a40da1e461551,PARSED,False
ours_full,Mass_MnRE,4,000006_000010,SiPhy,88daabc704dbbbdfd23160fdfb61514d8613a5b0e51fc954781a40da1e461551,PARSED,False
geometric_grounding,Mass_MnRE,4,000006_000040,SiPhy,b3165f3a8957c1245d11feb38dfefeade9e777cec47279ce9fd8e044dc5ee545,PARSED,False
ours_full,Mass_MnRE,4,000006_000040,SiPhy,b3165f3a8957c1245d11feb38dfefeade9e777cec47279ce9fd8e044dc5ee545,PARSED,False
geometric_grounding,Mass_MnRE,4,000007_000010,SiPhy,ab2846435caa3b28434724467bd9e8fbd7b7dad9576355014ab59c302103c778,PARSED,False
ours_full,Mass_MnRE,4,000007_000010,SiPhy,ab2846435caa3b28434724467bd9e8fbd7b7dad9576355014ab59c302103c778,PARSED,False
geometric_grounding,Mass_MnRE,4,000007_000040,SiPhy,e7572224e6de96cda7910317aa47a2202b30d74b55965879687b814e7701ca94,PARSED,False
ours_full,Mass_MnRE,4,000007_000040,SiPhy,e7572224e6de96cda7910317aa47a2202b30d74b55965879687b814e7701ca94,PARSED,False
geometric_grounding,Mass_MnRE,4,000008_000010,SiPhy,d268ce3edeab9362d4ad60fcc8a9b36f1f72f9ea88c4f4e058fc2744852f22f8,PARSED,False
ours_full,Mass_MnRE,4,000008_000010,SiPhy,d268ce3edeab9362d4ad60fcc8a9b36f1f72f9ea88c4f4e058fc2744852f22f8,PARSED,False
geometric_grounding,Mass_MnRE,4,000008_000040,SiPhy,fc0999b03baec1932fa59141a15f8013e2521ec497f3692f639ee6a870f9d852,PARSED,False
ours_full,Mass_MnRE,4,000008_000040,SiPhy,fc0999b03baec1932fa59141a15f8013e2521ec497f3692f639ee6a870f9d852,PARSED,False
geometric_grounding,Mass_MnRE,4,000009_000010,SiPhy,3633e8c84644743e62aeb0b495f8b07ddc85330cade786a81e70b3a7d0d7de40,PARSED,False
ours_full,Mass_MnRE,4,000009_000010,SiPhy,3633e8c84644743e62aeb0b495f8b07ddc85330cade786a81e70b3a7d0d7de40,PARSED,False
geometric_grounding,Mass_MnRE,4,000009_000040,SiPhy,e456d76d5a0305f7fd41d209585b1c164600729ce9d73931b786a1a9da8a13d1,PARSED,False
ours_full,Mass_MnRE,4,000009_000040,SiPhy,e456d76d5a0305f7fd41d209585b1c164600729ce9d73931b786a1a9da8a13d1,PARSED,False
geometric_grounding,Mass_MnRE,4,000010_000010,SiPhy,774c40985be8191c834f77127f000b739bbc1cec1ed9fb817ce2da747096955c,PARSED,False
ours_full,Mass_MnRE,4,000010_000010,SiPhy,774c40985be8191c834f77127f000b739bbc1cec1ed9fb817ce2da747096955c,PARSED,False
geometric_grounding,Mass_MnRE,4,000010_000040,SiPhy,864e3a292fa42cbcb0268675b96f5f371187052ac11e4b3321419a8a79a9a32e,PARSED,False
ours_full,Mass_MnRE,4,000010_000040,SiPhy,864e3a292fa42cbcb0268675b96f5f371187052ac11e4b3321419a8a79a9a32e,PARSED,False
geometric_grounding,Mass_MnRE,4,000011_000010,SiPhy,0b3b5c6b3a2ce18a042c588979f4dfd94d1c5151f8a1842c8cf42975feb23ae4,PARSED,False
ours_full,Mass_MnRE,4,000011_000010,SiPhy,0b3b5c6b3a2ce18a042c588979f4dfd94d1c5151f8a1842c8cf42975feb23ae4,PARSED,False
geometric_grounding,Mass_MnRE,4,000011_000040,SiPhy,dc3390d44115491d313baad9e3eef6bbeece77318117acc19806d2536a748ba9,PARSED,False
ours_full,Mass_MnRE,4,000011_000040,SiPhy,dc3390d44115491d313baad9e3eef6bbeece77318117acc19806d2536a748ba9,PARSED,False
geometric_grounding,Mass_MnRE,4,000012_000010,SiPhy,e52a2d355fd0eb310d4624d7b6da2130d859f8d9772532de32b4e367eae49d58,PARSED,False
ours_full,Mass_MnRE,4,000012_000010,SiPhy,e52a2d355fd0eb310d4624d7b6da2130d859f8d9772532de32b4e367eae49d58,PARSED,False
geometric_grounding,Mass_MnRE,4,000012_000040,SiPhy,ea2bfa082ab9f5c06f271d502f95e83581ce1390b60c0554e30f56d0606ca28f,PARSED,False
ours_full,Mass_MnRE,4,000012_000040,SiPhy,ea2bfa082ab9f5c06f271d502f95e83581ce1390b60c0554e30f56d0606ca28f,PARSED,False
geometric_grounding,Mass_MnRE,4,000013_000010,SiPhy,122a7eaefcc7038a32d8a72eb5c92130d2c6797dcfe0723292ba3fb737cf2659,PARSED,False
ours_full,Mass_MnRE,4,000013_000010,SiPhy,122a7eaefcc7038a32d8a72eb5c92130d2c6797dcfe0723292ba3fb737cf2659,PARSED,False
geometric_grounding,Mass_MnRE,4,000013_000040,SiPhy,f08436785703e6b5dc2eb399a8da6bd6c2a0bbb2dcc542dc6dafaf87006aba45,PARSED,False
ours_full,Mass_MnRE,4,000013_000040,SiPhy,f08436785703e6b5dc2eb399a8da6bd6c2a0bbb2dcc542dc6dafaf87006aba45,PARSED,False
geometric_grounding,Mass_MnRE,4,000014_000010,SiPhy,ab05483a274cb9d238b48b8e42d9aced26f44a21ae855e1780d44015e18ac413,PARSED,False
ours_full,Mass_MnRE,4,000014_000010,SiPhy,ab05483a274cb9d238b48b8e42d9aced26f44a21ae855e1780d44015e18ac413,PARSED,False
geometric_grounding,Mass_MnRE,4,000014_000040,SiPhy,eb8c870c7c82bce44b56450b75d13e125f0c913a0e4066adea42b52ac4c2d716,PARSED,False
ours_full,Mass_MnRE,4,000014_000040,SiPhy,eb8c870c7c82bce44b56450b75d13e125f0c913a0e4066adea42b52ac4c2d716,PARSED,False
geometric_grounding,Mass_MnRE,4,000015_000010,SiPhy,43808d3c4c837b92df7db8735b0620984ba20953fdf73088f91dd5feca6780ea,PARSED,False
ours_full,Mass_MnRE,4,000015_000010,SiPhy,43808d3c4c837b92df7db8735b0620984ba20953fdf73088f91dd5feca6780ea,PARSED,False
geometric_grounding,Mass_MnRE,4,000015_000040,SiPhy,c653af2916a564317558dabe91c63f76382c62a4f86276585e86c9bcedd640d3,PARSED,False
ours_full,Mass_MnRE,4,000015_000040,SiPhy,c653af2916a564317558dabe91c63f76382c62a4f86276585e86c9bcedd640d3,PARSED,False
geometric_grounding,Mass_MnRE,4,000016_000010,SiPhy,7efb037ee50f257987df5587e21097fee62e72fd4d7b06a4367e4ade8837406c,PARSED,False
ours_full,Mass_MnRE,4,000016_000010,SiPhy,7efb037ee50f257987df5587e21097fee62e72fd4d7b06a4367e4ade8837406c,PARSED,False
geometric_grounding,Mass_MnRE,4,000016_000040,SiPhy,47464504f8fe3934d2a79e125ca0de320560cb9136124ec2ef11e448d10f02b6,PARSED,False
ours_full,Mass_MnRE,4,000016_000040,SiPhy,47464504f8fe3934d2a79e125ca0de320560cb9136124ec2ef11e448d10f02b6,PARSED,False
geometric_grounding,Mass_MnRE,4,000017_000010,SiPhy,891b9c5a000466f68db8010c1c25c6435f43376b3816821f6c7c14e18daefc7f,PARSED,False
ours_full,Mass_MnRE,4,000017_000010,SiPhy,891b9c5a000466f68db8010c1c25c6435f43376b3816821f6c7c14e18daefc7f,PARSED,False
geometric_grounding,Mass_MnRE,4,000017_000035,SiPhy,77ebde3a01b6664f901235de23293624e1759b9e6097324a2c0adca9196cd276,PARSED,False
ours_full,Mass_MnRE,4,000017_000035,SiPhy,77ebde3a01b6664f901235de23293624e1759b9e6097324a2c0adca9196cd276,PARSED,False
geometric_grounding,Mass_MnRE,4,000018_000010,SiPhy,c809db4d515036ce9f090b067f77970f980e56e8e5a7ee660b7fe3679809b756,PARSED,False
ours_full,Mass_MnRE,4,000018_000010,SiPhy,c809db4d515036ce9f090b067f77970f980e56e8e5a7ee660b7fe3679809b756,PARSED,False
geometric_grounding,Mass_MnRE,4,000018_000040,SiPhy,81646c95f7e82fab39ae7838b22794dabbdd105c3b1c1484951b3d5ac595e2a5,PARSED,False
ours_full,Mass_MnRE,4,000018_000040,SiPhy,81646c95f7e82fab39ae7838b22794dabbdd105c3b1c1484951b3d5ac595e2a5,PARSED,False
geometric_grounding,Mass_MnRE,4,000019_000010,SiPhy,9ba8ad13c73bbdcc29c65659ed582f0f155d885dc43615123438405020e7e7e4,PARSED,False
ours_full,Mass_MnRE,4,000019_000010,SiPhy,9ba8ad13c73bbdcc29c65659ed582f0f155d885dc43615123438405020e7e7e4,PARSED,False
geometric_grounding,Mass_MnRE,4,000019_000040,SiPhy,2b68c24d062a8afc55183190f0a765c6c9791feb5768b3be2048f3c39650912a,PARSED,False
ours_full,Mass_MnRE,4,000019_000040,SiPhy,2b68c24d062a8afc55183190f0a765c6c9791feb5768b3be2048f3c39650912a,PARSED,False
geometric_grounding,Mass_MnRE,4,000020_000010,SiPhy,2f18586ffb7fca9fefcbeaee8fc5ab38b712143f8e6e6db2a7a4578e3c33f626,PARSED,False
ours_full,Mass_MnRE,4,000020_000010,SiPhy,2f18586ffb7fca9fefcbeaee8fc5ab38b712143f8e6e6db2a7a4578e3c33f626,PARSED,False
geometric_grounding,Mass_MnRE,4,000020_000040,SiPhy,3a6b52e928bb1a66f02c98f9fb7e639395497afbedb4566cf27914043f39d5c2,PARSED,False
ours_full,Mass_MnRE,4,000020_000040,SiPhy,3a6b52e928bb1a66f02c98f9fb7e639395497afbedb4566cf27914043f39d5c2,PARSED,False
geometric_grounding,Mass_MnRE,4,000021_000010,SiPhy,932471a268f7d4e7f4cd01df4193fd4634791ea424e28e11acd4c00f48a78f68,PARSED,False
ours_full,Mass_MnRE,4,000021_000010,SiPhy,932471a268f7d4e7f4cd01df4193fd4634791ea424e28e11acd4c00f48a78f68,PARSED,False
geometric_grounding,Mass_MnRE,4,000021_000040,SiPhy,3b20ce0be6782e98591e0f75f3617e903be5a6cc1d293859c83ad4b868b00d13,PARSED,False
ours_full,Mass_MnRE,4,000021_000040,SiPhy,3b20ce0be6782e98591e0f75f3617e903be5a6cc1d293859c83ad4b868b00d13,PARSED,False
geometric_grounding,Mass_MnRE,4,000022_000010,SiPhy,1dbc9bca4e7ed503e1c0ecf1e5763169e67f50876a676e4bab09a216ad696860,PARSED,False
ours_full,Mass_MnRE,4,000022_000010,SiPhy,1dbc9bca4e7ed503e1c0ecf1e5763169e67f50876a676e4bab09a216ad696860,PARSED,False
geometric_grounding,Mass_MnRE,4,000022_000040,SiPhy,94b2f7be668d83451f99d8697a7629c8d76f0709cdbf115e314342140f82c7b1,PARSED,False
ours_full,Mass_MnRE,4,000022_000040,SiPhy,94b2f7be668d83451f99d8697a7629c8d76f0709cdbf115e314342140f82c7b1,PARSED,False
geometric_grounding,Mass_MnRE,4,000023_000010,SiPhy,6125915b2efb20b7ac1b0438662d8c16ddc2f5ed038c38d0bb22bb91d7e7d22f,PARSED,False
ours_full,Mass_MnRE,4,000023_000010,SiPhy,6125915b2efb20b7ac1b0438662d8c16ddc2f5ed038c38d0bb22bb91d7e7d22f,PARSED,False
geometric_grounding,Mass_MnRE,4,000023_000040,SiPhy,97b375b528c7045fbf5fedf8a6d5458f3489a87b284f569d88f80ff34a3ccab0,PARSED,False
ours_full,Mass_MnRE,4,000023_000040,SiPhy,97b375b528c7045fbf5fedf8a6d5458f3489a87b284f569d88f80ff34a3ccab0,PARSED,False
geometric_grounding,Mass_MnRE,4,000024_000010,SiPhy,30b56dcc6f52b122a09e893f4048cbc2a2dac5ef2f6779ef5a9f0fce01bff681,PARSED,False
ours_full,Mass_MnRE,4,000024_000010,SiPhy,30b56dcc6f52b122a09e893f4048cbc2a2dac5ef2f6779ef5a9f0fce01bff681,PARSED,False
geometric_grounding,Mass_MnRE,4,000024_000040,SiPhy,77fd7bd7e197f26429828901512b078fa57156407f5e0adaf95f42ec0033d700,PARSED,False
ours_full,Mass_MnRE,4,000024_000040,SiPhy,77fd7bd7e197f26429828901512b078fa57156407f5e0adaf95f42ec0033d700,PARSED,False
geometric_grounding,Mass_MnRE,5,000000_000010,SiPhy,a60f8336275e56c3eb15fa6d48a37dc47cfa14e790721135b0ff660305b58f50,PARSED,False
ours_full,Mass_MnRE,5,000000_000010,SiPhy,a60f8336275e56c3eb15fa6d48a37dc47cfa14e790721135b0ff660305b58f50,PARSED,False
geometric_grounding,Mass_MnRE,5,000000_000040,SiPhy,51c2f065275b5c1cf4f4c7302cfb27f8971293a00511de3e235c31e76f788c6a,PARSED,False
ours_full,Mass_MnRE,5,000000_000040,SiPhy,51c2f065275b5c1cf4f4c7302cfb27f8971293a00511de3e235c31e76f788c6a,PARSED,False
geometric_grounding,Mass_MnRE,5,000001_000010,SiPhy,c7467f2aa87e36e1b13626381b30598de3e37be0f3d791ded8bab1840cf1ae7c,PARSED,False
ours_full,Mass_MnRE,5,000001_000010,SiPhy,c7467f2aa87e36e1b13626381b30598de3e37be0f3d791ded8bab1840cf1ae7c,PARSED,False
geometric_grounding,Mass_MnRE,5,000001_000040,SiPhy,f1043d84e6754c81346f7c4fca0d14cd4da1ec2267a0105291ea0dae188a9c95,PARSED,False
ours_full,Mass_MnRE,5,000001_000040,SiPhy,f1043d84e6754c81346f7c4fca0d14cd4da1ec2267a0105291ea0dae188a9c95,PARSED,False
geometric_grounding,Mass_MnRE,5,000002_000010,SiPhy,5e8de942fb1be289974e70e44495caab13900f0047f7b0ae7ff7f1b519c963a9,PARSED,False
ours_full,Mass_MnRE,5,000002_000010,SiPhy,5e8de942fb1be289974e70e44495caab13900f0047f7b0ae7ff7f1b519c963a9,PARSED,False
geometric_grounding,Mass_MnRE,5,000002_000040,SiPhy,4dab15d5cebfd720874a35f0d6313432dbb484ea03e81dbe721c2ddd6c7926ff,PARSED,False
ours_full,Mass_MnRE,5,000002_000040,SiPhy,4dab15d5cebfd720874a35f0d6313432dbb484ea03e81dbe721c2ddd6c7926ff,PARSED,False
geometric_grounding,Mass_MnRE,5,000003_000010,SiPhy,3dcb6ca876a8f48e1ac770f78d10f3e005e4373856ab986786613192d5882dfd,PARSED,False
ours_full,Mass_MnRE,5,000003_000010,SiPhy,3dcb6ca876a8f48e1ac770f78d10f3e005e4373856ab986786613192d5882dfd,PARSED,False
geometric_grounding,Mass_MnRE,5,000003_000040,SiPhy,e1e147f06132af15e2790635dd6ffeec2c4e0816fe4f230f5d40a8766b18c4c3,PARSED,False
ours_full,Mass_MnRE,5,000003_000040,SiPhy,e1e147f06132af15e2790635dd6ffeec2c4e0816fe4f230f5d40a8766b18c4c3,PARSED,False
geometric_grounding,Mass_MnRE,5,000004_000010,SiPhy,3e53244837bd918ddfeb1e40c1aae441aca91b94d6a890aa57eaff7d1ef7f518,PARSED,False
ours_full,Mass_MnRE,5,000004_000010,SiPhy,3e53244837bd918ddfeb1e40c1aae441aca91b94d6a890aa57eaff7d1ef7f518,PARSED,False
geometric_grounding,Mass_MnRE,5,000004_000040,SiPhy,65e0b2569246fbc1612427d57aebc8b7662e7c1c982ed61974093ed53fc61d94,PARSED,False
ours_full,Mass_MnRE,5,000004_000040,SiPhy,65e0b2569246fbc1612427d57aebc8b7662e7c1c982ed61974093ed53fc61d94,PARSED,False
geometric_grounding,Mass_MnRE,5,000005_000010,SiPhy,e7d58faa915f31593a0a746b4d6756e154f1df495686d5cdf2a5ccecc50d1167,PARSED,False
ours_full,Mass_MnRE,5,000005_000010,SiPhy,e7d58faa915f31593a0a746b4d6756e154f1df495686d5cdf2a5ccecc50d1167,PARSED,False
geometric_grounding,Mass_MnRE,5,000005_000040,SiPhy,deaf18f19fafbb3fb0624af675eb0e533a02b3d56b7e4ac7b2b3f7bff0fed001,PARSED,False
ours_full,Mass_MnRE,5,000005_000040,SiPhy,deaf18f19fafbb3fb0624af675eb0e533a02b3d56b7e4ac7b2b3f7bff0fed001,PARSED,False
geometric_grounding,Mass_MnRE,5,000006_000010,SiPhy,52ee0564f972b488c7788c8d41f7472a83832683da4234444e23ac33d159b409,PARSED,False
ours_full,Mass_MnRE,5,000006_000010,SiPhy,52ee0564f972b488c7788c8d41f7472a83832683da4234444e23ac33d159b409,PARSED,False
geometric_grounding,Mass_MnRE,5,000006_000040,SiPhy,432cc1819aec7232f8cae52604850076f355f914395817b1b6b78daa955e9900,PARSED,False
ours_full,Mass_MnRE,5,000006_000040,SiPhy,432cc1819aec7232f8cae52604850076f355f914395817b1b6b78daa955e9900,PARSED,False
geometric_grounding,Mass_MnRE,5,000007_000010,SiPhy,95001a54068e8e25d29d6ff0a9d4807fececbdc7c2bb5357106855ae1065b3e2,PARSED,False
ours_full,Mass_MnRE,5,000007_000010,SiPhy,95001a54068e8e25d29d6ff0a9d4807fececbdc7c2bb5357106855ae1065b3e2,PARSED,False
geometric_grounding,Mass_MnRE,5,000007_000040,SiPhy,1a74a60973eca71383fc88b923c244ce51032822437fc2f51d9d2eeb5ecbd51d,PARSED,False
ours_full,Mass_MnRE,5,000007_000040,SiPhy,1a74a60973eca71383fc88b923c244ce51032822437fc2f51d9d2eeb5ecbd51d,PARSED,False
geometric_grounding,Mass_MnRE,5,000008_000010,SiPhy,587f29c76c7a39b02afb178304c2ecc075c2d18ee01b07d1acc59b1d2d6096b0,PARSED,False
ours_full,Mass_MnRE,5,000008_000010,SiPhy,587f29c76c7a39b02afb178304c2ecc075c2d18ee01b07d1acc59b1d2d6096b0,PARSED,False
geometric_grounding,Mass_MnRE,5,000008_000040,SiPhy,03f39f34d2393814b95de95c2c62545021befbed7fc2f5675807dbf77d2b558c,PARSED,False
ours_full,Mass_MnRE,5,000008_000040,SiPhy,03f39f34d2393814b95de95c2c62545021befbed7fc2f5675807dbf77d2b558c,PARSED,False
geometric_grounding,Mass_MnRE,5,000009_000010,SiPhy,297686c6382197c2af38a0136d25137920d9777006f5c7fa0ab067e06f65c0b3,PARSED,False
ours_full,Mass_MnRE,5,000009_000010,SiPhy,297686c6382197c2af38a0136d25137920d9777006f5c7fa0ab067e06f65c0b3,PARSED,False
geometric_grounding,Mass_MnRE,5,000009_000040,SiPhy,fa41b19b54912861513aaf331c942c9d08be7db9f8b032ea5363636ff35b9211,PARSED,False
ours_full,Mass_MnRE,5,000009_000040,SiPhy,fa41b19b54912861513aaf331c942c9d08be7db9f8b032ea5363636ff35b9211,PARSED,False
geometric_grounding,Mass_MnRE,5,000010_000010,SiPhy,f03e4fbb5d81c4502916050b94fd684d39783a7cbc3782b1c28b79b62ac6a31b,PARSED,False
ours_full,Mass_MnRE,5,000010_000010,SiPhy,f03e4fbb5d81c4502916050b94fd684d39783a7cbc3782b1c28b79b62ac6a31b,PARSED,False
geometric_grounding,Mass_MnRE,5,000010_000040,SiPhy,1478e5a14f2640bd0648aca2128e0e172a0e44032d05cd566f1178b5e720b48a,PARSED,False
ours_full,Mass_MnRE,5,000010_000040,SiPhy,1478e5a14f2640bd0648aca2128e0e172a0e44032d05cd566f1178b5e720b48a,PARSED,False
geometric_grounding,Mass_MnRE,5,000011_000010,SiPhy,c256b9eeac83b6d460a175b7ceca8f9cb4111896ef79057fbf833a95166ff7af,PARSED,False
ours_full,Mass_MnRE,5,000011_000010,SiPhy,c256b9eeac83b6d460a175b7ceca8f9cb4111896ef79057fbf833a95166ff7af,PARSED,False
geometric_grounding,Mass_MnRE,5,000011_000040,SiPhy,a8f4c39025fceecccefd0102481d5386386ca3353444be4a440799d5a878b558,PARSED,False
ours_full,Mass_MnRE,5,000011_000040,SiPhy,a8f4c39025fceecccefd0102481d5386386ca3353444be4a440799d5a878b558,PARSED,False
geometric_grounding,Mass_MnRE,5,000012_000010,SiPhy,959d66629f35ffe88a8eba1be9e9f8b9a2ac81191e090065a6b4160b6d550f88,PARSED,False
ours_full,Mass_MnRE,5,000012_000010,SiPhy,959d66629f35ffe88a8eba1be9e9f8b9a2ac81191e090065a6b4160b6d550f88,PARSED,False
geometric_grounding,Mass_MnRE,5,000012_000040,SiPhy,b4570b2b8f9b4be093f0a42ad51b535d1899a95c7419b255c46de927722a7f25,PARSED,False
ours_full,Mass_MnRE,5,000012_000040,SiPhy,b4570b2b8f9b4be093f0a42ad51b535d1899a95c7419b255c46de927722a7f25,PARSED,False
geometric_grounding,Mass_MnRE,5,000013_000010,SiPhy,47beab9fa04ebf7dfbb1ba24a8e313c94358c27990923294779d014a4ff3c2c8,PARSED,False
ours_full,Mass_MnRE,5,000013_000010,SiPhy,47beab9fa04ebf7dfbb1ba24a8e313c94358c27990923294779d014a4ff3c2c8,PARSED,False
geometric_grounding,Mass_MnRE,5,000013_000040,SiPhy,f408e579324dd10776532c1f52ed7501e43a102c4463e52d6a661468da7e4cf1,PARSED,False
ours_full,Mass_MnRE,5,000013_000040,SiPhy,f408e579324dd10776532c1f52ed7501e43a102c4463e52d6a661468da7e4cf1,PARSED,False
geometric_grounding,Mass_MnRE,5,000014_000010,SiPhy,77849f7a1d1480c2a19d180b428c9dc4910337291952e1ebb59342dc1a9896a9,PARSED,False
ours_full,Mass_MnRE,5,000014_000010,SiPhy,77849f7a1d1480c2a19d180b428c9dc4910337291952e1ebb59342dc1a9896a9,PARSED,False
geometric_grounding,Mass_MnRE,5,000014_000040,SiPhy,b9413c72627fb2521c715263f5ff2ceff8d3bc7d56d166c725ddb462f75cc36b,PARSED,False
ours_full,Mass_MnRE,5,000014_000040,SiPhy,b9413c72627fb2521c715263f5ff2ceff8d3bc7d56d166c725ddb462f75cc36b,PARSED,False
geometric_grounding,Mass_MnRE,5,000015_000010,SiPhy,92e5d7871422894ffb56bf443398391fbdde0cf440b980a603ed44d12658df6e,PARSED,False
ours_full,Mass_MnRE,5,000015_000010,SiPhy,92e5d7871422894ffb56bf443398391fbdde0cf440b980a603ed44d12658df6e,PARSED,False
geometric_grounding,Mass_MnRE,5,000015_000040,SiPhy,9a8e648ba707eade5cac2f369ad39be5a86eddd0321ad7a7f3c96cd518c7e4ad,PARSED,False
ours_full,Mass_MnRE,5,000015_000040,SiPhy,9a8e648ba707eade5cac2f369ad39be5a86eddd0321ad7a7f3c96cd518c7e4ad,PARSED,False
geometric_grounding,Mass_MnRE,5,000016_000010,SiPhy,fde7d7ed2b588ad46df4999b4b91fb27477aef034ad65865007df9af5f900c33,PARSED,False
ours_full,Mass_MnRE,5,000016_000010,SiPhy,fde7d7ed2b588ad46df4999b4b91fb27477aef034ad65865007df9af5f900c33,PARSED,False
geometric_grounding,Mass_MnRE,5,000016_000040,SiPhy,02926d56ff1cf053092027b227bab4f3642db1220c6d7533c9010d768d913f9c,PARSED,False
ours_full,Mass_MnRE,5,000016_000040,SiPhy,02926d56ff1cf053092027b227bab4f3642db1220c6d7533c9010d768d913f9c,PARSED,False
geometric_grounding,Mass_MnRE,5,000017_000010,SiPhy,9cfbe2c4baebd67df46d71de634973b28556361c941704502154248cb5a14fc8,PARSED,False
ours_full,Mass_MnRE,5,000017_000010,SiPhy,9cfbe2c4baebd67df46d71de634973b28556361c941704502154248cb5a14fc8,PARSED,False
geometric_grounding,Mass_MnRE,5,000017_000035,SiPhy,8c0d23e1393f0b7fbcf878017ea7115734527dc29fc50a2c1c6791f66b9b36e9,PARSED,False
ours_full,Mass_MnRE,5,000017_000035,SiPhy,8c0d23e1393f0b7fbcf878017ea7115734527dc29fc50a2c1c6791f66b9b36e9,PARSED,False
geometric_grounding,Mass_MnRE,5,000018_000010,SiPhy,85191150c00b0f973090f91c53a14c4712c237d3c2a45d8715ae7f81c5ae95b4,PARSED,False
ours_full,Mass_MnRE,5,000018_000010,SiPhy,85191150c00b0f973090f91c53a14c4712c237d3c2a45d8715ae7f81c5ae95b4,PARSED,False
geometric_grounding,Mass_MnRE,5,000018_000040,SiPhy,e85e8143462bc014d479c2b2ab8f38fd31f5987e9cdb6b4cd8e2cdc2b7379cfd,PARSED,False
ours_full,Mass_MnRE,5,000018_000040,SiPhy,e85e8143462bc014d479c2b2ab8f38fd31f5987e9cdb6b4cd8e2cdc2b7379cfd,PARSED,False
geometric_grounding,Mass_MnRE,5,000019_000010,SiPhy,3d571bf5ee4b7cd090b2544f7c616296157b1b12b8c9b74dd9de0601d475d61f,PARSED,False
ours_full,Mass_MnRE,5,000019_000010,SiPhy,3d571bf5ee4b7cd090b2544f7c616296157b1b12b8c9b74dd9de0601d475d61f,PARSED,False
geometric_grounding,Mass_MnRE,5,000019_000040,SiPhy,e75076990ff66650eb077c9f5a38c1f3576330a8a7a33a6841327e434fbda3da,PARSED,False
ours_full,Mass_MnRE,5,000019_000040,SiPhy,e75076990ff66650eb077c9f5a38c1f3576330a8a7a33a6841327e434fbda3da,PARSED,False
geometric_grounding,Mass_MnRE,5,000020_000010,SiPhy,5e4b25479cfe3be14922ed217252bdc409e64b0792674ba04170350232b419f5,PARSED,False
ours_full,Mass_MnRE,5,000020_000010,SiPhy,5e4b25479cfe3be14922ed217252bdc409e64b0792674ba04170350232b419f5,PARSED,False
geometric_grounding,Mass_MnRE,5,000020_000040,SiPhy,9167e52a74fd636e8abdcbe96ed0589df789201976a0a12cda6c0d6d299a94dc,PARSED,False
ours_full,Mass_MnRE,5,000020_000040,SiPhy,9167e52a74fd636e8abdcbe96ed0589df789201976a0a12cda6c0d6d299a94dc,PARSED,False
geometric_grounding,Mass_MnRE,5,000021_000010,SiPhy,304bffd87a4095bc8c18bd7b64ceb94f4aaf28790a358a23e5cfc61282ba763f,PARSED,False
ours_full,Mass_MnRE,5,000021_000010,SiPhy,304bffd87a4095bc8c18bd7b64ceb94f4aaf28790a358a23e5cfc61282ba763f,PARSED,False
geometric_grounding,Mass_MnRE,5,000021_000040,SiPhy,b6e47de49628a391cda381988d8f6125f83ad0e00260c262fc39698a8505a679,PARSED,False
ours_full,Mass_MnRE,5,000021_000040,SiPhy,b6e47de49628a391cda381988d8f6125f83ad0e00260c262fc39698a8505a679,PARSED,False
geometric_grounding,Mass_MnRE,5,000022_000010,SiPhy,24a4f8063b9c35ea6d286b203e03e1600c90fed124cfac0f91323b85aeaf390e,PARSED,False
ours_full,Mass_MnRE,5,000022_000010,SiPhy,24a4f8063b9c35ea6d286b203e03e1600c90fed124cfac0f91323b85aeaf390e,PARSED,False
geometric_grounding,Mass_MnRE,5,000022_000040,SiPhy,28ab04dd0285ee6e052aaac02adfd311002f02239a19abb39d1ddd96c3c13c4e,PARSED,False
ours_full,Mass_MnRE,5,000022_000040,SiPhy,28ab04dd0285ee6e052aaac02adfd311002f02239a19abb39d1ddd96c3c13c4e,PARSED,False
geometric_grounding,Mass_MnRE,5,000023_000010,SiPhy,de8ca1ec46c5c57d16f5f7e088d42a88c3ef0aefa36f57e8cc6799347ed96f99,PARSED,False
ours_full,Mass_MnRE,5,000023_000010,SiPhy,de8ca1ec46c5c57d16f5f7e088d42a88c3ef0aefa36f57e8cc6799347ed96f99,PARSED,False
geometric_grounding,Mass_MnRE,5,000023_000040,SiPhy,7a77eb8979702651ed3578d259314d7449bffaf3699792a2b71da7a16db3e3a7,PARSED,False
ours_full,Mass_MnRE,5,000023_000040,SiPhy,7a77eb8979702651ed3578d259314d7449bffaf3699792a2b71da7a16db3e3a7,PARSED,False
geometric_grounding,Mass_MnRE,5,000024_000010,SiPhy,33a37ead0a2f0dd9fd05a4a37c467ecc3f16c2805e4b9074ef401ec888b3db92,PARSED,False
ours_full,Mass_MnRE,5,000024_000010,SiPhy,33a37ead0a2f0dd9fd05a4a37c467ecc3f16c2805e4b9074ef401ec888b3db92,PARSED,False
geometric_grounding,Mass_MnRE,5,000024_000040,SiPhy,0e19c457c4f2bca587b548d9eae22f6b745e609eed61caf88ea222f2baa6e618,PARSED,False
ours_full,Mass_MnRE,5,000024_000040,SiPhy,0e19c457c4f2bca587b548d9eae22f6b745e609eed61caf88ea222f2baa6e618,PARSED,False
