prediction_id,condition,metric,repeat_id,requested_seed,input_id,object_id,sequence_id,frame_id,parsed_prediction,unit,parsing_status,failure_reason
1eabf1bfa9f48c673876a9f6e04ffec9127959d368d80c2a26ace48411cb2e3a,siphy_adopted,Mass_MnRE,1,0,000000_000010,019_pitcher_base,test_sliding/000000,10,0.059,kg,PARSED,
41b19059ba0218dfc2f15a7a87fb44af1466d4e763e4588514931ca627389455,ours_full,StaticVisualFriction_MAE,1,0,000000_000010,019_pitcher_base,test_sliding/000000,10,0.35,dimensionless,PARSED,
87a1c49a8d948fa0ca9207f1b4b3c28a8a54f95bd96db2156cdb6e2a7070bc18,siphy_adopted,Mass_MnRE,1,0,000000_000040,019_pitcher_base,test_sliding/000000,40,0.14,kg,PARSED,
733424bca8639077a8007a57c83dee2554b444514af0abf5b78d5125f5b9b01c,ours_full,StaticVisualFriction_MAE,1,0,000000_000040,019_pitcher_base,test_sliding/000000,40,0.35,dimensionless,PARSED,
b613eabc81383b804f29020f4f8a1b38e1b7c899206be6159916454902d2e1df,siphy_adopted,Mass_MnRE,1,0,000001_000010,006_mustard_bottle,test_sliding/000001,10,0.008,kg,PARSED,
510e917f0e523d9496dd41a2302a7f3550ac98633dc5e319dad1b5c8c17a4533,ours_full,StaticVisualFriction_MAE,1,0,000001_000010,006_mustard_bottle,test_sliding/000001,10,0.32,dimensionless,PARSED,
8d3feaf2474a17fab6abfed9d2d820d5460f02eb3f7acd27d019ff5b0bceea41,siphy_adopted,Mass_MnRE,1,0,000001_000040,006_mustard_bottle,test_sliding/000001,40,0.013,kg,PARSED,
e84055979d88d487bbbc33612890d97337f0895fc280819aae9d5634db1bf38d,ours_full,StaticVisualFriction_MAE,1,0,000001_000040,006_mustard_bottle,test_sliding/000001,40,0.32,dimensionless,PARSED,
20565b61254fed703910302bc1465ac8967583c5a132a1eb0833b5b70b70bdde,siphy_adopted,Mass_MnRE,1,0,000002_000010,021_bleach_cleanser,test_sliding/000002,10,0.015,kg,PARSED,
d18f89b73ba837e26d2b5ceb706f06d151919d4d9c346a7e85eb75f2c262bd01,ours_full,StaticVisualFriction_MAE,1,0,000002_000010,021_bleach_cleanser,test_sliding/000002,10,0.32,dimensionless,PARSED,
54d2a27bcc450cd07394c091f7b014e78e817bcfd94126234eb5e83632656a8f,siphy_adopted,Mass_MnRE,1,0,000002_000040,021_bleach_cleanser,test_sliding/000002,40,0.013,kg,PARSED,
5df9459fb024b54a468f639a1052dc0f7f101305f953dfbf886f3da1b2d4c195,ours_full,StaticVisualFriction_MAE,1,0,000002_000040,021_bleach_cleanser,test_sliding/000002,40,0.32,dimensionless,PARSED,
b90f008a1fd5c5ce5792d3ee722c7ac7b3ac7aeaea1c76942690210b9c347cd0,siphy_adopted,Mass_MnRE,1,0,000003_000010,003_cracker_box,test_sliding/000003,10,0.01,kg,PARSED,
58c5017d59ff7aeaebf696ab5e26f25892e664b094a1bd51c4683c0c202d9ab5,ours_full,StaticVisualFriction_MAE,1,0,000003_000010,003_cracker_box,test_sliding/000003,10,0.4,dimensionless,PARSED,
8014fdab72df4d4212278a21ffa06590cc083b5496e79ca7d9a39655b4cddfc5,siphy_adopted,Mass_MnRE,1,0,000003_000040,003_cracker_box,test_sliding/000003,40,0.003,kg,PARSED,
2eae4b390e352be0f66e626ab26da40faa58acc7e1ca59d01226d9b9d7bde227,ours_full,StaticVisualFriction_MAE,1,0,000003_000040,003_cracker_box,test_sliding/000003,40,0.36,dimensionless,PARSED,
a798cd55997ae365f8077432cc746507f862142c6dae7408cca224211a026680,siphy_adopted,Mass_MnRE,1,0,000004_000010,025_mug,test_sliding/000004,10,0.007,kg,PARSED,
7d360f82487afc605b2524fd073f2867e8112bf302401a9f1e9016599063468c,ours_full,StaticVisualFriction_MAE,1,0,000004_000010,025_mug,test_sliding/000004,10,0.35,dimensionless,PARSED,
a674c86d5c256a8816c65c2def7fb2d9d65654aaf473750524211ec261e6dae6,siphy_adopted,Mass_MnRE,1,0,000004_000040,025_mug,test_sliding/000004,40,0.011,kg,PARSED,
0fe1e212f63bf00994c684161aa4533ba7750135968445466db3370316af9887,ours_full,StaticVisualFriction_MAE,1,0,000004_000040,025_mug,test_sliding/000004,40,0.32,dimensionless,PARSED,
fc1dd2f34160edec9e4c98013da2db9b5b2f5cd624b94d1f8162f15d505baac7,siphy_adopted,Mass_MnRE,1,0,000005_000010,019_pitcher_base,test_sliding/000005,10,0.036,kg,PARSED,
292da3dc404ad02ba29b27a84970a3791f498fb48a06c29053dcdc0a6525ab9d,ours_full,StaticVisualFriction_MAE,1,0,000005_000010,019_pitcher_base,test_sliding/000005,10,0.35,dimensionless,PARSED,
b87951505447e190fafd698732cb53d39a19efc36eec8c99494bafd04cd44378,siphy_adopted,Mass_MnRE,1,0,000005_000040,019_pitcher_base,test_sliding/000005,40,0.055,kg,PARSED,
e8669d4bf9da9ca923a7bfa938a7f4b334b1cd5079d82d6c024bb28ad72f0dbb,ours_full,StaticVisualFriction_MAE,1,0,000005_000040,019_pitcher_base,test_sliding/000005,40,0.3,dimensionless,PARSED,
1d3b89ddee578476e3b3ceccc74a40063d5c474a90392ddc7210b7e34901b042,siphy_adopted,Mass_MnRE,1,0,000006_000010,006_mustard_bottle,test_sliding/000006,10,0.006,kg,PARSED,
382e47f272d24d94e9988ce1605bebb62ff1af689272783badff87efb56c3fa4,ours_full,StaticVisualFriction_MAE,1,0,000006_000010,006_mustard_bottle,test_sliding/000006,10,0.35,dimensionless,PARSED,
ec13be52060bcb64044e1bcfd2a85957d810bf7909778793947059d70dbe5cb6,siphy_adopted,Mass_MnRE,1,0,000006_000040,006_mustard_bottle,test_sliding/000006,40,0.009,kg,PARSED,
c1a30fee16d5c4594658002782fcb76fd6cf24d3eecbc9a1e750875e8cb6a5ad,ours_full,StaticVisualFriction_MAE,1,0,000006_000040,006_mustard_bottle,test_sliding/000006,40,0.35,dimensionless,PARSED,
d246e8914d399799685912568d98d336c6be5b125e6dfb0ff7c104e6a5a4dad4,siphy_adopted,Mass_MnRE,1,0,000007_000010,021_bleach_cleanser,test_sliding/000007,10,0.033,kg,PARSED,
8266818933b32c0e120b08867a00d669325b80f0f6975c5fcd56166992712e13,ours_full,StaticVisualFriction_MAE,1,0,000007_000010,021_bleach_cleanser,test_sliding/000007,10,0.32,dimensionless,PARSED,
edc2fe065d6bab1870a0516c87662d65f5a3991be3e13ce1c50b205e17243466,siphy_adopted,Mass_MnRE,1,0,000007_000040,021_bleach_cleanser,test_sliding/000007,40,0.015,kg,PARSED,
b457f1faf6d5cb565253fc3789e3188231911b157bd30ef5edc99d1de06e1816,ours_full,StaticVisualFriction_MAE,1,0,000007_000040,021_bleach_cleanser,test_sliding/000007,40,0.32,dimensionless,PARSED,
11db681b25202e2401d865bd94908c61a37248ffccbd6960b93622baa728d398,siphy_adopted,Mass_MnRE,1,0,000008_000010,003_cracker_box,test_sliding/000008,10,0.009,kg,PARSED,
8336123c5c5c696669bec8216048ae5f84cc39cac34c9e5e8ada2bd36020dd7f,ours_full,StaticVisualFriction_MAE,1,0,000008_000010,003_cracker_box,test_sliding/000008,10,0.35,dimensionless,PARSED,
aeffaf707f4b0cf6f4fcec8213ff05692c41721ab7c4af2df8dd78a49808999c,siphy_adopted,Mass_MnRE,1,0,000008_000040,003_cracker_box,test_sliding/000008,40,0.008,kg,PARSED,
ffe386027517f9424de771b2c3eef0657688aafbac7aee39fb143afa41e5b5d7,ours_full,StaticVisualFriction_MAE,1,0,000008_000040,003_cracker_box,test_sliding/000008,40,0.35,dimensionless,PARSED,
7a1a72b77b924ca9cea6044f0fb96d291853a636121b8a6b01f177b72cab7a01,siphy_adopted,Mass_MnRE,1,0,000009_000010,025_mug,test_sliding/000009,10,0.041,kg,PARSED,
7001b18e67127350deae3719a93de2ac04af99f1d0ebcc20e242165c594203b8,ours_full,StaticVisualFriction_MAE,1,0,000009_000010,025_mug,test_sliding/000009,10,0.35,dimensionless,PARSED,
9545eaf1ee48224e8bde52e97801c4259ca1e952e41466a5dc97e77cac243891,siphy_adopted,Mass_MnRE,1,0,000009_000040,025_mug,test_sliding/000009,40,0.055,kg,PARSED,
3ec6c80351139e17a82ef7216387bf9740b16b25cb60a46a62acfe4a9e69853e,ours_full,StaticVisualFriction_MAE,1,0,000009_000040,025_mug,test_sliding/000009,40,0.35,dimensionless,PARSED,
aa79a284494d8aea339c832e4d7247e9f0d8fb0432d8e61dfbfe8a8eb6fdcc3b,siphy_adopted,Mass_MnRE,1,0,000010_000010,019_pitcher_base,test_sliding/000010,10,0.073,kg,PARSED,
3168d983c0bba5804884b33349e46a70feb4e6d7730313bc2bc678d887b362b5,ours_full,StaticVisualFriction_MAE,1,0,000010_000010,019_pitcher_base,test_sliding/000010,10,0.3,dimensionless,PARSED,
570a6eb5eacba66b9147fe3f23f30e979fcda83920548a1c1549dbd5eb9947ca,siphy_adopted,Mass_MnRE,1,0,000010_000040,019_pitcher_base,test_sliding/000010,40,0.053,kg,PARSED,
918cf9dedbe21a06202294aa18448d2e1ff5495a2fb7ccabdec53816caee1d5c,ours_full,StaticVisualFriction_MAE,1,0,000010_000040,019_pitcher_base,test_sliding/000010,40,0.35,dimensionless,PARSED,
cda18be948e5e6dc9c0f4e6059eabf596375db11b462550e9a2bc9355107aa95,siphy_adopted,Mass_MnRE,1,0,000011_000010,006_mustard_bottle,test_sliding/000011,10,0.008,kg,PARSED,
35af53d1143600248c40c6f5c872858f8f9790c7e5fe9474fad034e75e334a32,ours_full,StaticVisualFriction_MAE,1,0,000011_000010,006_mustard_bottle,test_sliding/000011,10,0.33,dimensionless,PARSED,
1d3fbf9430ef87f7774ad1287fd204c4eae96c3b09937c4736ed8f48d2d8d8e2,siphy_adopted,Mass_MnRE,1,0,000011_000040,006_mustard_bottle,test_sliding/000011,40,0.009,kg,PARSED,
d188d2215636258c7f46694869e9130f8c54e979bd1012cf6625c353b6d035a5,ours_full,StaticVisualFriction_MAE,1,0,000011_000040,006_mustard_bottle,test_sliding/000011,40,0.35,dimensionless,PARSED,
91201e1fceb23d0d3e083cefb1cb27448643418ead5d09eb4ebb29192128b8ba,siphy_adopted,Mass_MnRE,1,0,000012_000010,021_bleach_cleanser,test_sliding/000012,10,0.021,kg,PARSED,
6023ec32b4953270c6f6b975b38f903e6255a39aa7ea748a0805902846b7e0fc,ours_full,StaticVisualFriction_MAE,1,0,000012_000010,021_bleach_cleanser,test_sliding/000012,10,0.32,dimensionless,PARSED,
abe58a53696a6d73a0cbda020f6b2dd3341b55d48e86f63e432c486657c491a4,siphy_adopted,Mass_MnRE,1,0,000012_000040,021_bleach_cleanser,test_sliding/000012,40,0.021,kg,PARSED,
8f877addc4040dbcd1be9a77d6af0d6bfde26b8072ce82bb9ae3ccd91db4c27b,ours_full,StaticVisualFriction_MAE,1,0,000012_000040,021_bleach_cleanser,test_sliding/000012,40,0.3,dimensionless,PARSED,
627422c0e1cf0fc8c1d3d7731e857046968ea50efbdc83be9b22bc3f6914f206,siphy_adopted,Mass_MnRE,1,0,000013_000010,003_cracker_box,test_sliding/000013,10,0.008,kg,PARSED,
867a9d81674d9b9ca6deeb5e597c8a637741497c3db408cffc4074f77b749acc,ours_full,StaticVisualFriction_MAE,1,0,000013_000010,003_cracker_box,test_sliding/000013,10,0.35,dimensionless,PARSED,
bca79fb793f2c8a87d84c613bd132f37aa081d5227ad529b5b01f706f361675d,siphy_adopted,Mass_MnRE,1,0,000013_000040,003_cracker_box,test_sliding/000013,40,0.004,kg,PARSED,
d3b614e9e387acce4cfc8bafb210deb1af0e6be170c11fc78929e9446cdc7fce,ours_full,StaticVisualFriction_MAE,1,0,000013_000040,003_cracker_box,test_sliding/000013,40,0.35,dimensionless,PARSED,
a6821755fd089bfd38c00fad44e7492ff7a6bb8286c626edf25d8a1023441979,siphy_adopted,Mass_MnRE,1,0,000014_000010,025_mug,test_sliding/000014,10,0.022,kg,PARSED,
4f7aacc312c37ac68f86b6b5e1528b7adc0855f347276c811310a4e2f8c7f94e,ours_full,StaticVisualFriction_MAE,1,0,000014_000010,025_mug,test_sliding/000014,10,0.35,dimensionless,PARSED,
db3e073d5e1ab6fa82d86dc0b1952eacb44bf699af7a0248d2af3243aef67a0d,siphy_adopted,Mass_MnRE,1,0,000014_000040,025_mug,test_sliding/000014,40,0.013,kg,PARSED,
2387111a8cd41d3a05cad31387798ec51ae04ca4acdf31224ae13cf40a64f5a2,ours_full,StaticVisualFriction_MAE,1,0,000014_000040,025_mug,test_sliding/000014,40,0.35,dimensionless,PARSED,
51775e85ffebbb1377b86e81026bb53b6378aaa33dcc19441560f18d8511c630,siphy_adopted,Mass_MnRE,1,0,000015_000010,019_pitcher_base,test_sliding/000015,10,0.058,kg,PARSED,
f357c6bfd48048158539a5ae26d344ae08a147ac5ca4533d62d9111b6a7f8e81,ours_full,StaticVisualFriction_MAE,1,0,000015_000010,019_pitcher_base,test_sliding/000015,10,0.35,dimensionless,PARSED,
9b8fbf008cea3e8fb9fac58bd255d4739d610b99e52b1cf4c05281d79285251d,siphy_adopted,Mass_MnRE,1,0,000015_000040,019_pitcher_base,test_sliding/000015,40,0.069,kg,PARSED,
259f42997bf1cd075db24c2c15a9bc4b01b1f5e3b2a5c43c88c2006abc4a2f89,ours_full,StaticVisualFriction_MAE,1,0,000015_000040,019_pitcher_base,test_sliding/000015,40,0.35,dimensionless,PARSED,
bef89760c7a4c027df18be953a515b0e455f4b0437ca4a93f58fccc064597a0b,siphy_adopted,Mass_MnRE,1,0,000016_000010,006_mustard_bottle,test_sliding/000016,10,0.086,kg,PARSED,
768da15baaa2a176c50cb3fc1efaef0b910388cb4d4710878e780ba40c247d92,ours_full,StaticVisualFriction_MAE,1,0,000016_000010,006_mustard_bottle,test_sliding/000016,10,0.32,dimensionless,PARSED,
c5983a33ecf7d5fb5bd0a1552393d1531b6d8b10e84a39c381fe0db3ea40c320,siphy_adopted,Mass_MnRE,1,0,000016_000040,006_mustard_bottle,test_sliding/000016,40,0.012,kg,PARSED,
8a90639caeae19f7efd2cafda1ac84beb2ad7c6d4255394247c8ac97327e8f4b,ours_full,StaticVisualFriction_MAE,1,0,000016_000040,006_mustard_bottle,test_sliding/000016,40,0.32,dimensionless,PARSED,
b1b8438c45e417b4913f9e8d2ccf26e4ee6ba61ebb06cdb3eecb0448743fc8c0,siphy_adopted,Mass_MnRE,1,0,000017_000010,021_bleach_cleanser,test_sliding/000017,10,0.016,kg,PARSED,
d1df3ccf3422d9a28f0d207819643309b504c6777bdbf01fe580a03943a5ccef,ours_full,StaticVisualFriction_MAE,1,0,000017_000010,021_bleach_cleanser,test_sliding/000017,10,0.3,dimensionless,PARSED,
5941601a1252db93a14f0f92b94fa5175e8b3b81219943817eaea43459fca2a9,siphy_adopted,Mass_MnRE,1,0,000017_000035,021_bleach_cleanser,test_sliding/000017,35,0.018,kg,PARSED,
075901109d48de817235618aa2ff6aab152338d3d23d3a3ab5a053e29a4ef1e6,ours_full,StaticVisualFriction_MAE,1,0,000017_000035,021_bleach_cleanser,test_sliding/000017,35,0.32,dimensionless,PARSED,
b73377a3477aa60f32432bfb69c5ea85b3698d4d90af91b823e35fbadd20520d,siphy_adopted,Mass_MnRE,1,0,000018_000010,003_cracker_box,test_sliding/000018,10,0.004,kg,PARSED,
946130f224c4249dd0289a7b9da57fbb320d5e8231d253a19d3fe38be20bfda5,ours_full,StaticVisualFriction_MAE,1,0,000018_000010,003_cracker_box,test_sliding/000018,10,0.32,dimensionless,PARSED,
fe1be90eb2852b98531c1f266c0aa45e573011da8149845e596294e8ffdc107d,siphy_adopted,Mass_MnRE,1,0,000018_000040,003_cracker_box,test_sliding/000018,40,0.004,kg,PARSED,
ea8786a0e8668bd5d0241992474ae9507ea5474492d8ea563a0e8ffd109e2234,ours_full,StaticVisualFriction_MAE,1,0,000018_000040,003_cracker_box,test_sliding/000018,40,0.35,dimensionless,PARSED,
58378772ab0366429fdeea96b1fb2fb624a3c9048d9e3bf91f756fc6efabb71c,siphy_adopted,Mass_MnRE,1,0,000019_000010,025_mug,test_sliding/000019,10,0.008,kg,PARSED,
aa65a481e63c71583ce9937c5c88fdb01dbf7315c3e6efa26bf92cfedd206285,ours_full,StaticVisualFriction_MAE,1,0,000019_000010,025_mug,test_sliding/000019,10,0.32,dimensionless,PARSED,
7ef29fb44b9703d32bc065075521f85b1731c8b421edb754b819a531464e74b0,siphy_adopted,Mass_MnRE,1,0,000019_000040,025_mug,test_sliding/000019,40,0.04,kg,PARSED,
6a99f1843deb9b74ae0c3f9eef38957d3e293edb7102a79c0a19d84790ebcbaa,ours_full,StaticVisualFriction_MAE,1,0,000019_000040,025_mug,test_sliding/000019,40,0.35,dimensionless,PARSED,
9e8ff4d2d5c2d3fed6edb31bd76d6f2a68f2223b76996d45943d4118e5d8dbcd,siphy_adopted,Mass_MnRE,1,0,000020_000010,019_pitcher_base,test_sliding/000020,10,0.045,kg,PARSED,
18e9e13e04f3ada5fbfd87bc58028f0c4c4bd382ac0df713ef1e59c729acff6e,ours_full,StaticVisualFriction_MAE,1,0,000020_000010,019_pitcher_base,test_sliding/000020,10,0.33,dimensionless,PARSED,
d5759aad9b77d1498d0068e10483be60e2ba9e9b1c3a7d60c1211e426cf2d3a9,siphy_adopted,Mass_MnRE,1,0,000020_000040,019_pitcher_base,test_sliding/000020,40,0.146,kg,PARSED,
d80c1824833c6ee4e4e296734421439e723ba79ef5add071794708ed62b6747b,ours_full,StaticVisualFriction_MAE,1,0,000020_000040,019_pitcher_base,test_sliding/000020,40,0.35,dimensionless,PARSED,
af5275afb81df493357d36d7d441a45b0b64bbbc9dee820224db74ea54f30202,siphy_adopted,Mass_MnRE,1,0,000021_000010,006_mustard_bottle,test_sliding/000021,10,0.009,kg,PARSED,
2537278d892a467f585f4af33ee6fa058fedf9cc84230a6e71dfb6d457787a12,ours_full,StaticVisualFriction_MAE,1,0,000021_000010,006_mustard_bottle,test_sliding/000021,10,0.35,dimensionless,PARSED,
1d5731aa171a16c50f3833a0092796f3e19811fe66b7deee2ff9a3a904e95286,siphy_adopted,Mass_MnRE,1,0,000021_000040,006_mustard_bottle,test_sliding/000021,40,0.008,kg,PARSED,
bfabd643e7ee11beff0cf516c6444b273611ea23caf3bbaef4c89e9428249df0,ours_full,StaticVisualFriction_MAE,1,0,000021_000040,006_mustard_bottle,test_sliding/000021,40,0.35,dimensionless,PARSED,
7f9c4851c5a4d6a488b6466ac652415b406bf0b33b66b12a13580f89f7bbbe0f,siphy_adopted,Mass_MnRE,1,0,000022_000010,021_bleach_cleanser,test_sliding/000022,10,0.01,kg,PARSED,
80130a49161c06dc386a1cd9656546a917d3f6ac3b5bf5860c98af39c7350fd6,ours_full,StaticVisualFriction_MAE,1,0,000022_000010,021_bleach_cleanser,test_sliding/000022,10,0.32,dimensionless,PARSED,
e24ae2cf2e9552141069c292a701b95aec6471f8d0782452dfe647ea4702c1d4,siphy_adopted,Mass_MnRE,1,0,000022_000040,021_bleach_cleanser,test_sliding/000022,40,0.011,kg,PARSED,
987ffbb43676d9b7587e12961602ab5bbb4414300d971e6344cc4642c3da21b8,ours_full,StaticVisualFriction_MAE,1,0,000022_000040,021_bleach_cleanser,test_sliding/000022,40,0.32,dimensionless,PARSED,
554335366edd1f06f5fadb0057c2858d3e9fc2290d5ff8508656d5ede0c57db3,siphy_adopted,Mass_MnRE,1,0,000023_000010,003_cracker_box,test_sliding/000023,10,0.011,kg,PARSED,
0c1074b478408dc153d93d711902b80ce672b4e4cc6fa8f1368abd80e52c77b2,ours_full,StaticVisualFriction_MAE,1,0,000023_000010,003_cracker_box,test_sliding/000023,10,0.32,dimensionless,PARSED,
89766d566bac13987f8e0de734806408342067a3a94ff79b95322515f7111044,siphy_adopted,Mass_MnRE,1,0,000023_000040,003_cracker_box,test_sliding/000023,40,0.008,kg,PARSED,
043d3a37cb73a631e8653ce956fe03a042d4f59c3e2819d6c2a664d13600a28b,ours_full,StaticVisualFriction_MAE,1,0,000023_000040,003_cracker_box,test_sliding/000023,40,0.38,dimensionless,PARSED,
e084fdd4850a0007eb2887abc264e0844b2082ce03b913c3a725673a29aa77d8,siphy_adopted,Mass_MnRE,1,0,000024_000010,025_mug,test_sliding/000024,10,0.031,kg,PARSED,
b62c68b9a8837a534db8459ea3ff2c56a27f09f87472529223c371ec075f973d,ours_full,StaticVisualFriction_MAE,1,0,000024_000010,025_mug,test_sliding/000024,10,0.4,dimensionless,PARSED,
9b20321b391936bac837cb9fd3f0f3cc78cd32a7023c9d4418b0b25a1896d110,siphy_adopted,Mass_MnRE,1,0,000024_000040,025_mug,test_sliding/000024,40,0.005,kg,PARSED,
15302aa1079ce38028121e564472b9113154ad65f7e362212e0a0a1aa01412b4,ours_full,StaticVisualFriction_MAE,1,0,000024_000040,025_mug,test_sliding/000024,40,0.35,dimensionless,PARSED,
5126725d3833e2525d8aa5743cfab78d576fea9cf7add60450ffbcd54aa36403,siphy_adopted,Mass_MnRE,2,1,000000_000010,019_pitcher_base,test_sliding/000000,10,0.117,kg,PARSED,
87910761ae079556e80c72b882412bbb9a70c48ba0abe7b883badfff165453bd,ours_full,StaticVisualFriction_MAE,2,1,000000_000010,019_pitcher_base,test_sliding/000000,10,0.35,dimensionless,PARSED,
bf8c45b957852e9bb64e9c0b7bbfa9a7a241d7d31789b8aeb82f52903a1273dd,siphy_adopted,Mass_MnRE,2,1,000000_000040,019_pitcher_base,test_sliding/000000,40,0.104,kg,PARSED,
130244ddd611e78cbe052860a19fad4aa2e4966cddf89fa103c881807b72fd76,ours_full,StaticVisualFriction_MAE,2,1,000000_000040,019_pitcher_base,test_sliding/000000,40,0.32,dimensionless,PARSED,
0d3e14e24fb3235307162c88263bcddf3e984764ead5c917da90c1da7b50339e,siphy_adopted,Mass_MnRE,2,1,000001_000010,006_mustard_bottle,test_sliding/000001,10,0.008,kg,PARSED,
501e5802617d42e599d6bd13012d85c2b247f0dd1cbbc90e6270c1c1104f8354,ours_full,StaticVisualFriction_MAE,2,1,000001_000010,006_mustard_bottle,test_sliding/000001,10,0.32,dimensionless,PARSED,
04c8513b648b81adb1f5b1239d85485429eb9d64673ecb9264194e5b0b0a5193,siphy_adopted,Mass_MnRE,2,1,000001_000040,006_mustard_bottle,test_sliding/000001,40,0.011,kg,PARSED,
a6443c378fb6963e42312509a12011c528436de7e92c81ac67b39b666f28a569,ours_full,StaticVisualFriction_MAE,2,1,000001_000040,006_mustard_bottle,test_sliding/000001,40,0.35,dimensionless,PARSED,
3e3cf6978c8214a4f9392759328fc7132e222ce64a2ea684faa3347d39036381,siphy_adopted,Mass_MnRE,2,1,000002_000010,021_bleach_cleanser,test_sliding/000002,10,0.016,kg,PARSED,
40711194f2be3d2b9042eeee2f5f7a25b83f84fbcd08b401b33f3708682f3feb,ours_full,StaticVisualFriction_MAE,2,1,000002_000010,021_bleach_cleanser,test_sliding/000002,10,0.32,dimensionless,PARSED,
1de2ff6fa8265dcccbbc1a16001a1b76578096b5d9a63733c1df047f2504878c,siphy_adopted,Mass_MnRE,2,1,000002_000040,021_bleach_cleanser,test_sliding/000002,40,0.012,kg,PARSED,
b8810f3645b866c357fe76804ee3b0968159d4ea1f36818d59b9d9c024aac2d1,ours_full,StaticVisualFriction_MAE,2,1,000002_000040,021_bleach_cleanser,test_sliding/000002,40,0.32,dimensionless,PARSED,
e8d62b289da88e61a207a26dd6988afc057f8bc98247f6eeed505d769ecf37a0,siphy_adopted,Mass_MnRE,2,1,000003_000010,003_cracker_box,test_sliding/000003,10,0.008,kg,PARSED,
fbc27fc2d9537b9e37b10f631f4c5353e767db5d7e074f2101beb6df526d09a6,ours_full,StaticVisualFriction_MAE,2,1,000003_000010,003_cracker_box,test_sliding/000003,10,0.35,dimensionless,PARSED,
d19ce318601719ad77fdd7c97c175f70e9a8ac289e030c2fb3073cd549f0e132,siphy_adopted,Mass_MnRE,2,1,000003_000040,003_cracker_box,test_sliding/000003,40,0.004,kg,PARSED,
5962ccd04e10b54a90e5cb9a757b91fa8261fb37928006ff8c76573b76d9c12e,ours_full,StaticVisualFriction_MAE,2,1,000003_000040,003_cracker_box,test_sliding/000003,40,0.38,dimensionless,PARSED,
d998d9fe522b46c115b71f30e022b64f1b7e33f57bf3d7f880a4064e2186e684,siphy_adopted,Mass_MnRE,2,1,000004_000010,025_mug,test_sliding/000004,10,0.011,kg,PARSED,
de6967d593b1d1d1ec60b7e6aa4e97c6c64ffc2ad86e5183224443344252c5ef,ours_full,StaticVisualFriction_MAE,2,1,000004_000010,025_mug,test_sliding/000004,10,0.35,dimensionless,PARSED,
8ae296e4f7d3427162b8d0477cf98c041763d4ffac0f8e32299f0e286378955b,siphy_adopted,Mass_MnRE,2,1,000004_000040,025_mug,test_sliding/000004,40,0.016,kg,PARSED,
4d96787ac7a4f3acd67b1f65317e6d1a2e472856498994471323b968582d433a,ours_full,StaticVisualFriction_MAE,2,1,000004_000040,025_mug,test_sliding/000004,40,0.35,dimensionless,PARSED,
3fa0d10ff710154b2e75bc9387e638ffc25c70c4d96b190b12540eda77813a8f,siphy_adopted,Mass_MnRE,2,1,000005_000010,019_pitcher_base,test_sliding/000005,10,0.034,kg,PARSED,
add3bab43045ccfff4c9125f236093e399a716b4b6155f6a119de5ed7917ff27,ours_full,StaticVisualFriction_MAE,2,1,000005_000010,019_pitcher_base,test_sliding/000005,10,0.35,dimensionless,PARSED,
75ac40fc756cad034cef9251d19545067978c1baa4521a0ddb5a2de520d2471c,siphy_adopted,Mass_MnRE,2,1,000005_000040,019_pitcher_base,test_sliding/000005,40,0.053,kg,PARSED,
881f624e55e681738b12d0a6176f014d26c40e436b8984bc5d1e1ebb8f20cdc3,ours_full,StaticVisualFriction_MAE,2,1,000005_000040,019_pitcher_base,test_sliding/000005,40,0.35,dimensionless,PARSED,
be0ccf327dc1abf408f9ef8def57ecaceb870b745236d2d277d63e0d46c2981c,siphy_adopted,Mass_MnRE,2,1,000006_000010,006_mustard_bottle,test_sliding/000006,10,0.008,kg,PARSED,
0db59efe30797e1984c04e8416b40e86670673671047f93149973d0b282a3521,ours_full,StaticVisualFriction_MAE,2,1,000006_000010,006_mustard_bottle,test_sliding/000006,10,0.35,dimensionless,PARSED,
3ffcdb83ebdf649e01bc499861d2da30bee47df2d77ef7071701162570ffc73a,siphy_adopted,Mass_MnRE,2,1,000006_000040,006_mustard_bottle,test_sliding/000006,40,0.009,kg,PARSED,
6a460b935257639c4a57448fd510e9e64ac21ed3687e1dafdb8e605d84480a02,ours_full,StaticVisualFriction_MAE,2,1,000006_000040,006_mustard_bottle,test_sliding/000006,40,0.35,dimensionless,PARSED,
9720068701b84f5c4a15dce764499f4df952bb673981803a4b2e504909bb6a26,siphy_adopted,Mass_MnRE,2,1,000007_000010,021_bleach_cleanser,test_sliding/000007,10,0.024,kg,PARSED,
f22aa5aa02b0cb56ae342f2f1d99a111e780411662293dde093f93014d4ab150,ours_full,StaticVisualFriction_MAE,2,1,000007_000010,021_bleach_cleanser,test_sliding/000007,10,0.32,dimensionless,PARSED,
277d0adf8924df2fbcbd539e5550473821c79423b2c4dfbb34598be15589bdbf,siphy_adopted,Mass_MnRE,2,1,000007_000040,021_bleach_cleanser,test_sliding/000007,40,0.014,kg,PARSED,
7ce8d3e909ee69736f3ccbb8e6947c2e37ec5643474c0bf71e1a4141636cb5b5,ours_full,StaticVisualFriction_MAE,2,1,000007_000040,021_bleach_cleanser,test_sliding/000007,40,0.32,dimensionless,PARSED,
2d88d8be83ee19256d6135b407d5b0d3b7ec5c92f2b23f20f3e579182cb9ab99,siphy_adopted,Mass_MnRE,2,1,000008_000010,003_cracker_box,test_sliding/000008,10,0.011,kg,PARSED,
4a54649609d96530030da035c79e884fb3959ba3d1e263d354a04c93a08726ac,ours_full,StaticVisualFriction_MAE,2,1,000008_000010,003_cracker_box,test_sliding/000008,10,0.35,dimensionless,PARSED,
b2101ca80705b1b3b5e90d1be66e9c5d1bf8b79961316daa6526020da0ae930c,siphy_adopted,Mass_MnRE,2,1,000008_000040,003_cracker_box,test_sliding/000008,40,0.004,kg,PARSED,
18ef4e8eb4de4ca22b3d90915b54cc2d4521447b2fbb8ee807ca4e0c30698743,ours_full,StaticVisualFriction_MAE,2,1,000008_000040,003_cracker_box,test_sliding/000008,40,0.35,dimensionless,PARSED,
bdd33949816b312e5b61e5ab33281cdf7689c3657caa8fbc629f4a0c722fcf23,siphy_adopted,Mass_MnRE,2,1,000009_000010,025_mug,test_sliding/000009,10,0.038,kg,PARSED,
ca29399437f9dc9bc8ca3a362ef08e29b5c433e6ccec2bac8f85aa66a1640e17,ours_full,StaticVisualFriction_MAE,2,1,000009_000010,025_mug,test_sliding/000009,10,0.35,dimensionless,PARSED,
6bfd85cd4b76cc0603153117ffdeb679d1499a458efbf7b40e07449aa42dcc25,siphy_adopted,Mass_MnRE,2,1,000009_000040,025_mug,test_sliding/000009,40,0.067,kg,PARSED,
c11e9fff6c4d80a0570b43b3a70268771e778a64dd680cb1393d9c506550e301,ours_full,StaticVisualFriction_MAE,2,1,000009_000040,025_mug,test_sliding/000009,40,0.38,dimensionless,PARSED,
b272c3e4fbc3bb641a775dccd266b8f96713c0d4d2d72bb6de8693c62c1037fa,siphy_adopted,Mass_MnRE,2,1,000010_000010,019_pitcher_base,test_sliding/000010,10,0.054,kg,PARSED,
468db0001734e2322bc596ae53f527b27b70e0c57da1e218a1421a9cb6c7aed1,ours_full,StaticVisualFriction_MAE,2,1,000010_000010,019_pitcher_base,test_sliding/000010,10,0.32,dimensionless,PARSED,
5acdc1876f63ed953fa5a024dfe7b432e58d0b29b637b905f71c70c1cf67dab0,siphy_adopted,Mass_MnRE,2,1,000010_000040,019_pitcher_base,test_sliding/000010,40,0.053,kg,PARSED,
3d11f7b515d84a892389ba65e7e7b87fae9af7ee47d7f79cdbc24f2026fdbed6,ours_full,StaticVisualFriction_MAE,2,1,000010_000040,019_pitcher_base,test_sliding/000010,40,0.35,dimensionless,PARSED,
3ebca9fcb82375f1b8b45470086bf635c008d937a26d1d71dddb89afbbcd4205,siphy_adopted,Mass_MnRE,2,1,000011_000010,006_mustard_bottle,test_sliding/000011,10,0.007,kg,PARSED,
33a4c046eac843336df1c2a886c908a2cc041f6ab16cc1b83959694656d410d8,ours_full,StaticVisualFriction_MAE,2,1,000011_000010,006_mustard_bottle,test_sliding/000011,10,0.32,dimensionless,PARSED,
1b8f43d15153a9ad3b81b6a02c3acbfe0fda0931b773c019f884f58e36af618f,siphy_adopted,Mass_MnRE,2,1,000011_000040,006_mustard_bottle,test_sliding/000011,40,0.007,kg,PARSED,
d1874ac665af04b83b63a1ea13d1a7faa66110be1ec0326ae64d8769d311e1b7,ours_full,StaticVisualFriction_MAE,2,1,000011_000040,006_mustard_bottle,test_sliding/000011,40,0.35,dimensionless,PARSED,
7ba47320d654911995ea3f188143748f95e8599a9d5521ce9e073f0a05480db7,siphy_adopted,Mass_MnRE,2,1,000012_000010,021_bleach_cleanser,test_sliding/000012,10,0.019,kg,PARSED,
4c4991ef442ddc5a19fde91899b786e580d442eaa9c9fe7dd6231efdd312e3ab,ours_full,StaticVisualFriction_MAE,2,1,000012_000010,021_bleach_cleanser,test_sliding/000012,10,0.32,dimensionless,PARSED,
ae96adf4f357989299069237abd2365890a08fa2ad17f998dd7b53506dba21c5,siphy_adopted,Mass_MnRE,2,1,000012_000040,021_bleach_cleanser,test_sliding/000012,40,0.014,kg,PARSED,
b5aa8475d1a82482d529bee46dc755f2f0bf13ed2564bbd61f4b621739b5e4da,ours_full,StaticVisualFriction_MAE,2,1,000012_000040,021_bleach_cleanser,test_sliding/000012,40,0.35,dimensionless,PARSED,
c5e3bf96e9644ca919394bdb909de598ad888f15440e895dad9266ca494dbe40,siphy_adopted,Mass_MnRE,2,1,000013_000010,003_cracker_box,test_sliding/000013,10,0.003,kg,PARSED,
aa90deed91f920c64259f223dddec70b7e5600fb2c28aac9fe9b60c453139081,ours_full,StaticVisualFriction_MAE,2,1,000013_000010,003_cracker_box,test_sliding/000013,10,0.35,dimensionless,PARSED,
187633724359f6d782372486bb31c49ee4a97f5f9d7bfeaf41bcaaa71de69901,siphy_adopted,Mass_MnRE,2,1,000013_000040,003_cracker_box,test_sliding/000013,40,0.011,kg,PARSED,
b17d9f83608d4ec1a687ff692853dc5398b582c8ffe51ebd35249f5cd5a30931,ours_full,StaticVisualFriction_MAE,2,1,000013_000040,003_cracker_box,test_sliding/000013,40,0.35,dimensionless,PARSED,
18b172625529eff13bc2ed4084df6f0e24b96471ea49aec041314ffdf9fa9844,siphy_adopted,Mass_MnRE,2,1,000014_000010,025_mug,test_sliding/000014,10,0.025,kg,PARSED,
9c6401929f7cd8a9c6b1b77fd6bbea6807c4efbcb5b1307b5c18bcb1bd940b21,ours_full,StaticVisualFriction_MAE,2,1,000014_000010,025_mug,test_sliding/000014,10,0.35,dimensionless,PARSED,
d60795fe708f8b9c5ca158285e6b0a795af5ae4c65501fb0e4ec1990de111eb4,siphy_adopted,Mass_MnRE,2,1,000014_000040,025_mug,test_sliding/000014,40,0.014,kg,PARSED,
b8be9bc4ed324ec23d786771685ad6d82c7415a43a96a303c416692af566849a,ours_full,StaticVisualFriction_MAE,2,1,000014_000040,025_mug,test_sliding/000014,40,0.35,dimensionless,PARSED,
3420d72253b5f6cd40e94b37e88cce4d4ea8d5cea674747390ee2648e1fa3505,siphy_adopted,Mass_MnRE,2,1,000015_000010,019_pitcher_base,test_sliding/000015,10,0.049,kg,PARSED,
b585bd26a98825b11b31aacbad32c5a61330bd3830d948761685e3da4d187253,ours_full,StaticVisualFriction_MAE,2,1,000015_000010,019_pitcher_base,test_sliding/000015,10,0.35,dimensionless,PARSED,
83255e635c8d929a26a43581726c8bc5802441a743691997b10ae521b60098b7,siphy_adopted,Mass_MnRE,2,1,000015_000040,019_pitcher_base,test_sliding/000015,40,0.065,kg,PARSED,
a673d9b1ab3d4ec4d884486796be5804af110f1e7f570421d36a4ab0ff4a9c7f,ours_full,StaticVisualFriction_MAE,2,1,000015_000040,019_pitcher_base,test_sliding/000015,40,0.32,dimensionless,PARSED,
69bf433e5c7b1edf9f69a7171210ff3bd04d525d672d68e8a70a6e908a9a273d,siphy_adopted,Mass_MnRE,2,1,000016_000010,006_mustard_bottle,test_sliding/000016,10,0.01,kg,PARSED,
c05f453cffc73731d258a9689d2ccddd9017388131aea0ffa9777f61a6c235c6,ours_full,StaticVisualFriction_MAE,2,1,000016_000010,006_mustard_bottle,test_sliding/000016,10,0.32,dimensionless,PARSED,
28a846f9b32e36d38ba85487978b29461fe007dc8e4b4b3399dbbe1017e36e2b,siphy_adopted,Mass_MnRE,2,1,000016_000040,006_mustard_bottle,test_sliding/000016,40,0.01,kg,PARSED,
904da62033b584d8fe1d5a11700f55f03a693172f8c3169386d785b65f3eb997,ours_full,StaticVisualFriction_MAE,2,1,000016_000040,006_mustard_bottle,test_sliding/000016,40,0.32,dimensionless,PARSED,
af2777e55ced579c07731f2da988c118b10faa84b8d5c2d00ddd60e1139bf438,siphy_adopted,Mass_MnRE,2,1,000017_000010,021_bleach_cleanser,test_sliding/000017,10,0.013,kg,PARSED,
9998056314cbc750f4aac08f172dc21a5a4bd0547c6f2261f24e3d7e64ace750,ours_full,StaticVisualFriction_MAE,2,1,000017_000010,021_bleach_cleanser,test_sliding/000017,10,0.3,dimensionless,PARSED,
8cdcaefaaf79905c8e9dd25c8ea1cf309861d07aa39a4e3a38dbbdc6027627f8,siphy_adopted,Mass_MnRE,2,1,000017_000035,021_bleach_cleanser,test_sliding/000017,35,0.016,kg,PARSED,
4aac7f2e3e71db33d70d261f99327977a130aa420e0da9e0882b977e856ef060,ours_full,StaticVisualFriction_MAE,2,1,000017_000035,021_bleach_cleanser,test_sliding/000017,35,0.32,dimensionless,PARSED,
d507ea3dc81c69157d086d778dc793efc0e6710e2e8912a53f415c53cd6a02d7,siphy_adopted,Mass_MnRE,2,1,000018_000010,003_cracker_box,test_sliding/000018,10,0.009,kg,PARSED,
a68180eabf97592606943a406d4b40c7520e5a16742ee9ed3cbccebda37cd526,ours_full,StaticVisualFriction_MAE,2,1,000018_000010,003_cracker_box,test_sliding/000018,10,0.35,dimensionless,PARSED,
44712d7c3ba457e49c4b0a486dfec06b430db67a1ddc68984b66fbfa1a196fa8,siphy_adopted,Mass_MnRE,2,1,000018_000040,003_cracker_box,test_sliding/000018,40,0.014,kg,PARSED,
476786b31155877bc486474dd907334f22c6b54cf748de53dec454ae65c2c375,ours_full,StaticVisualFriction_MAE,2,1,000018_000040,003_cracker_box,test_sliding/000018,40,0.38,dimensionless,PARSED,
c856d7d2319c79327022653378a1d34fc899e5509035c551625580517bbdc981,siphy_adopted,Mass_MnRE,2,1,000019_000010,025_mug,test_sliding/000019,10,0.008,kg,PARSED,
24bc8140309a7fd915f54d10d1f34454b56612ac0d583cbbd79e49c8b5fdfdf3,ours_full,StaticVisualFriction_MAE,2,1,000019_000010,025_mug,test_sliding/000019,10,0.32,dimensionless,PARSED,
9d7f35d42c52e52efdef3e706de5501528d840f7228918c314302aa870b12972,siphy_adopted,Mass_MnRE,2,1,000019_000040,025_mug,test_sliding/000019,40,0.032,kg,PARSED,
dd450f436b14c3d4297cc08ea0cd353728e8e5a955ce77f294f6b6f5e9e36502,ours_full,StaticVisualFriction_MAE,2,1,000019_000040,025_mug,test_sliding/000019,40,0.35,dimensionless,PARSED,
4f30e6d8ade21f5d9b006b893dda1d21de54e914a1456fdaa3b0763e902d2e14,siphy_adopted,Mass_MnRE,2,1,000020_000010,019_pitcher_base,test_sliding/000020,10,0.045,kg,PARSED,
c6a40675d83ee8e17c484c7f31e5267e19dc157a00771c3c14cf903952df9f84,ours_full,StaticVisualFriction_MAE,2,1,000020_000010,019_pitcher_base,test_sliding/000020,10,0.35,dimensionless,PARSED,
7b2c0861198d0966b75716e0bfb2f688f772d4b06cb12e561684854185cfada5,siphy_adopted,Mass_MnRE,2,1,000020_000040,019_pitcher_base,test_sliding/000020,40,0.104,kg,PARSED,
f8f8056ca17588f931870338570494ac603272cb1297ceeb82796a7ee865910a,ours_full,StaticVisualFriction_MAE,2,1,000020_000040,019_pitcher_base,test_sliding/000020,40,0.35,dimensionless,PARSED,
1d89709fab3fd3957539d6d66efabbe27408d305da792524b1cc39fcd751b0a8,siphy_adopted,Mass_MnRE,2,1,000021_000010,006_mustard_bottle,test_sliding/000021,10,0.008,kg,PARSED,
2db652bddbd5b7c0e6731951c9afd0b1ab79f3beefc33399eebae81ceb429157,ours_full,StaticVisualFriction_MAE,2,1,000021_000010,006_mustard_bottle,test_sliding/000021,10,0.35,dimensionless,PARSED,
cd6bf7d8cc4384e35d3541f463a6e3b3903a7dc342512f145ec87e492fbf5602,siphy_adopted,Mass_MnRE,2,1,000021_000040,006_mustard_bottle,test_sliding/000021,40,0.008,kg,PARSED,
79c5e1a8776dbc99fb8f77d417615b289b0b3191c2fb1b13febd9833072ae9fb,ours_full,StaticVisualFriction_MAE,2,1,000021_000040,006_mustard_bottle,test_sliding/000021,40,0.35,dimensionless,PARSED,
bfdc63e6021335367a01372e89a211a89f6d82abee01c2674ebab23df878bf7e,siphy_adopted,Mass_MnRE,2,1,000022_000010,021_bleach_cleanser,test_sliding/000022,10,0.011,kg,PARSED,
cd9d2c92ca452bbbb02582814b187b58d156418398b7a5307574d9249737e440,ours_full,StaticVisualFriction_MAE,2,1,000022_000010,021_bleach_cleanser,test_sliding/000022,10,0.32,dimensionless,PARSED,
9df687e590f11c0c9a685525c5a43f227b6f040bc044aea4182722b02bd95cd7,siphy_adopted,Mass_MnRE,2,1,000022_000040,021_bleach_cleanser,test_sliding/000022,40,0.01,kg,PARSED,
f25dbeb1ac9c1a04dbf1085c9ed8bc005ce03f51accfb84255ae466b13180b0c,ours_full,StaticVisualFriction_MAE,2,1,000022_000040,021_bleach_cleanser,test_sliding/000022,40,0.33,dimensionless,PARSED,
fa8474124fd53e349f9f3c7c708d30558f5e11fa3c86c5b081ca5f2241b39905,siphy_adopted,Mass_MnRE,2,1,000023_000010,003_cracker_box,test_sliding/000023,10,0.011,kg,PARSED,
ecab205551dd19f89ce637305201bbe43a3ce31689edd40e3e045279ee5c11e7,ours_full,StaticVisualFriction_MAE,2,1,000023_000010,003_cracker_box,test_sliding/000023,10,0.35,dimensionless,PARSED,
6b076091c17455a3fe3a0dd8de3412c15e73b4b96480ae6d6e8f19d54dba8093,siphy_adopted,Mass_MnRE,2,1,000023_000040,003_cracker_box,test_sliding/000023,40,0.003,kg,PARSED,
dcfa8e04d9b56631de7b7d46494576d7227a4100759783c128b85d45c93c12be,ours_full,StaticVisualFriction_MAE,2,1,000023_000040,003_cracker_box,test_sliding/000023,40,0.35,dimensionless,PARSED,
096e0c90ef018047cbaa1c75b686ec197acd3f9184c41809df4b288f20351720,siphy_adopted,Mass_MnRE,2,1,000024_000010,025_mug,test_sliding/000024,10,0.037,kg,PARSED,
aa27f57d026d0ef57c6ad598b08394ef235b200d6eedd83df52bd09eca695253,ours_full,StaticVisualFriction_MAE,2,1,000024_000010,025_mug,test_sliding/000024,10,0.35,dimensionless,PARSED,
7223dc60678d826008cc0b1d5919a4fc7fa461194203fda43e348541d03c648b,siphy_adopted,Mass_MnRE,2,1,000024_000040,025_mug,test_sliding/000024,40,0.006,kg,PARSED,
4ea9e1c9d59eacfc861932a872ae8c7e1bdf2888fc39f2a30dad36948f0d2ce0,ours_full,StaticVisualFriction_MAE,2,1,000024_000040,025_mug,test_sliding/000024,40,0.38,dimensionless,PARSED,
fe2dee6fa0729069d183f35e4f0cb9acd327d8523c5e3440c1b158803243b3a0,siphy_adopted,Mass_MnRE,3,2,000000_000010,019_pitcher_base,test_sliding/000000,10,0.067,kg,PARSED,
609739f21573fb29374acc296062e89cc55993b5dfdf5697f303398c6e0ae03d,ours_full,StaticVisualFriction_MAE,3,2,000000_000010,019_pitcher_base,test_sliding/000000,10,0.35,dimensionless,PARSED,
ca0069f7a0f2a4160483e013fddacd1e08d9cc20e89e1fed1ea9741b98782730,siphy_adopted,Mass_MnRE,3,2,000000_000040,019_pitcher_base,test_sliding/000000,40,0.184,kg,PARSED,
6834eef704a8c24d7a8008300d406169d0d2f7eb5c742fdb4fb16d5c91869336,ours_full,StaticVisualFriction_MAE,3,2,000000_000040,019_pitcher_base,test_sliding/000000,40,0.32,dimensionless,PARSED,
24de56352fc77a03398aae4972f5643eecf5f210cca90dcabfa1783857884696,siphy_adopted,Mass_MnRE,3,2,000001_000010,006_mustard_bottle,test_sliding/000001,10,0.008,kg,PARSED,
3b0f19bf690109136cd09595d39845635337b61744d358daa4d14a4e8188ea11,ours_full,StaticVisualFriction_MAE,3,2,000001_000010,006_mustard_bottle,test_sliding/000001,10,0.32,dimensionless,PARSED,
d1a0765a5bdf04c28e4178a6c703da5df815ac525b3ece1ae3279f24db0b87d4,siphy_adopted,Mass_MnRE,3,2,000001_000040,006_mustard_bottle,test_sliding/000001,40,0.105,kg,PARSED,
ebb310b891ed093607d767cddd2d38fa8295ec18c2a669e0e1669c16c7f1626e,ours_full,StaticVisualFriction_MAE,3,2,000001_000040,006_mustard_bottle,test_sliding/000001,40,0.35,dimensionless,PARSED,
2a2c0d4181ccda427ebd84b0df7d9a7b947e8bdbe5dfa78d3e61961b8304ac00,siphy_adopted,Mass_MnRE,3,2,000002_000010,021_bleach_cleanser,test_sliding/000002,10,0.02,kg,PARSED,
26281cd28f839719b9c23c2dad356ca55fdaf973457da36de206d30f60187d2f,ours_full,StaticVisualFriction_MAE,3,2,000002_000010,021_bleach_cleanser,test_sliding/000002,10,0.35,dimensionless,PARSED,
5c32c16f42aa2739ce9d79acce6a5b9cc4d7113b109a980a8d8d847d6cad9dc1,siphy_adopted,Mass_MnRE,3,2,000002_000040,021_bleach_cleanser,test_sliding/000002,40,0.013,kg,PARSED,
d4f0c83e45305eb9b7f208a6485adeab153126daff524d464a92f21e5820c8a9,ours_full,StaticVisualFriction_MAE,3,2,000002_000040,021_bleach_cleanser,test_sliding/000002,40,0.32,dimensionless,PARSED,
bafea74d75a4090caef5160cb37a03f3263c0e73905fbf80d6e2d7556bd72292,siphy_adopted,Mass_MnRE,3,2,000003_000010,003_cracker_box,test_sliding/000003,10,0.007,kg,PARSED,
f0af99956051bad34920d4749fe3ff27a96ca775aafdb332959d6ce3beb6318a,ours_full,StaticVisualFriction_MAE,3,2,000003_000010,003_cracker_box,test_sliding/000003,10,0.38,dimensionless,PARSED,
b76f6b3abb2a7406956bb5b425a0678f5c4db14e1b7350ee872ee404180b63ed,siphy_adopted,Mass_MnRE,3,2,000003_000040,003_cracker_box,test_sliding/000003,40,0.01,kg,PARSED,
16965b51c42d627d7ef0be628ff9319c27bd13d5a9f2475309166849ff44cc49,ours_full,StaticVisualFriction_MAE,3,2,000003_000040,003_cracker_box,test_sliding/000003,40,0.38,dimensionless,PARSED,
631aff6a377b950b028a58885a36212a741ae27f595faab89aa5175d7dd1d20f,siphy_adopted,Mass_MnRE,3,2,000004_000010,025_mug,test_sliding/000004,10,0.01,kg,PARSED,
3d3c8a9843c763e2aaf4e04eb895009cd33692ab0cf732089266c6afdbf70356,ours_full,StaticVisualFriction_MAE,3,2,000004_000010,025_mug,test_sliding/000004,10,0.35,dimensionless,PARSED,
f78b21f81bc08665d85aee81cbc0da55c9d62f1768b1ee09e8b30ac46df735f9,siphy_adopted,Mass_MnRE,3,2,000004_000040,025_mug,test_sliding/000004,40,0.02,kg,PARSED,
9ee25a1749884d99863beb39eb7da0e4c0a429c2eb035b32d37827441f30ad57,ours_full,StaticVisualFriction_MAE,3,2,000004_000040,025_mug,test_sliding/000004,40,0.35,dimensionless,PARSED,
3697f9b596b2a138dbe05b80c1a21804f7394742122d570094d8587db9dcf484,siphy_adopted,Mass_MnRE,3,2,000005_000010,019_pitcher_base,test_sliding/000005,10,0.035,kg,PARSED,
106c462db0cd9e3b72d4c6c46b206c917f1e2b87de6172821f696b6b0ccb6d8a,ours_full,StaticVisualFriction_MAE,3,2,000005_000010,019_pitcher_base,test_sliding/000005,10,0.35,dimensionless,PARSED,
1079f1f741ff0839b696478953d3f5258d3b644c564f2503cb30d70b23e7e5a6,siphy_adopted,Mass_MnRE,3,2,000005_000040,019_pitcher_base,test_sliding/000005,40,0.053,kg,PARSED,
5351950b4e47866dc715a7d6e4b7730ad0fee96a6d6c2380d5884071a6a6ec61,ours_full,StaticVisualFriction_MAE,3,2,000005_000040,019_pitcher_base,test_sliding/000005,40,0.35,dimensionless,PARSED,
9baf51630a61c4760986b95682b9f022b5ec4cf0deb3009bee470736883a4a3e,siphy_adopted,Mass_MnRE,3,2,000006_000010,006_mustard_bottle,test_sliding/000006,10,0.006,kg,PARSED,
b3a07507997ba7681b0ed807a59c15cae972ae340f3068c44cbe26d0f3033275,ours_full,StaticVisualFriction_MAE,3,2,000006_000010,006_mustard_bottle,test_sliding/000006,10,0.35,dimensionless,PARSED,
c521a8bfbb8885eed07eba4880aed967920a75d5a932f843065ad83c9b306a89,siphy_adopted,Mass_MnRE,3,2,000006_000040,006_mustard_bottle,test_sliding/000006,40,0.007,kg,PARSED,
6aa2e800bceaefbca0763faf5e8ee9ccad5be3c5316000efaff63b0b43c9873d,ours_full,StaticVisualFriction_MAE,3,2,000006_000040,006_mustard_bottle,test_sliding/000006,40,0.35,dimensionless,PARSED,
c4cb5b194aa3aa363e0a85b3c6cbc40735d45ffd268d2d9ee8ee589138d1b6c4,siphy_adopted,Mass_MnRE,3,2,000007_000010,021_bleach_cleanser,test_sliding/000007,10,0.018,kg,PARSED,
31e8b0b8bfb38c3fa7f4b6321b129d35efb5c08f00e149ff0d9d6f09f7eb0518,ours_full,StaticVisualFriction_MAE,3,2,000007_000010,021_bleach_cleanser,test_sliding/000007,10,0.32,dimensionless,PARSED,
14b4d538d6c3a867314939887c809104be17ce74f3de8773c338c1948ecd4d7e,siphy_adopted,Mass_MnRE,3,2,000007_000040,021_bleach_cleanser,test_sliding/000007,40,0.019,kg,PARSED,
5e385b5b2cedd4a20b32f9285122a06d3830119293ce9afefdc7305b4ff71cd4,ours_full,StaticVisualFriction_MAE,3,2,000007_000040,021_bleach_cleanser,test_sliding/000007,40,0.32,dimensionless,PARSED,
5b5a56e74b061ce49b89be3a2123b127545e8dbbab3d3ccab48856ea1b521e90,siphy_adopted,Mass_MnRE,3,2,000008_000010,003_cracker_box,test_sliding/000008,10,0.003,kg,PARSED,
9212429fb36a9283850fca6440a609994d4bf548445b80ddbd4f62dd41c129ea,ours_full,StaticVisualFriction_MAE,3,2,000008_000010,003_cracker_box,test_sliding/000008,10,0.38,dimensionless,PARSED,
a98290a02542321b1b4974098256532f532db29b4fcd560616465191ecf5bd08,siphy_adopted,Mass_MnRE,3,2,000008_000040,003_cracker_box,test_sliding/000008,40,0.012,kg,PARSED,
5fc5c9ff23403c5d5d5fad9fd02d42082fd8975e57e36c399313c65dd0fe3de9,ours_full,StaticVisualFriction_MAE,3,2,000008_000040,003_cracker_box,test_sliding/000008,40,0.4,dimensionless,PARSED,
37da5e228ccfe47663d3c6c65bcaa5682885f6978526fac5673ce77188b7cc2f,siphy_adopted,Mass_MnRE,3,2,000009_000010,025_mug,test_sliding/000009,10,0.046,kg,PARSED,
a0fb38d707e778f37647354ca3701edc9efaf08434acbcd2f6a0c362ce054c5c,ours_full,StaticVisualFriction_MAE,3,2,000009_000010,025_mug,test_sliding/000009,10,0.35,dimensionless,PARSED,
3162831a1099c54390d53bca3dcc35c7ec2737172920a71fcf19fcdd7f427bac,siphy_adopted,Mass_MnRE,3,2,000009_000040,025_mug,test_sliding/000009,40,0.034,kg,PARSED,
5e2eaaf6ec8ef71d48369d6d0cc8ae2db4d13ab36f4a8eb206e339337439557e,ours_full,StaticVisualFriction_MAE,3,2,000009_000040,025_mug,test_sliding/000009,40,0.33,dimensionless,PARSED,
e99a84b192f49f71aa43787f5903faabe603d7cae0d9c4cfc49f507b5033b2a3,siphy_adopted,Mass_MnRE,3,2,000010_000010,019_pitcher_base,test_sliding/000010,10,0.091,kg,PARSED,
d4ecdc8e1f1bffdbe32aefad767bbfa2756f00ec5dcf77c85245ea92649f9804,ours_full,StaticVisualFriction_MAE,3,2,000010_000010,019_pitcher_base,test_sliding/000010,10,0.32,dimensionless,PARSED,
89501184e8395d8d3cb6761bb4ff6043f1762c7a226327122e9a4ef51bb86125,siphy_adopted,Mass_MnRE,3,2,000010_000040,019_pitcher_base,test_sliding/000010,40,0.054,kg,PARSED,
d7177812df7e1c1c879f5601a9cb4f360316756a58d10532fb5b42cbd10d657f,ours_full,StaticVisualFriction_MAE,3,2,000010_000040,019_pitcher_base,test_sliding/000010,40,0.35,dimensionless,PARSED,
b23cc1f4718f01720b1e31094eb38b913f0c1e6d983cd8dbf30d8ff9f6842946,siphy_adopted,Mass_MnRE,3,2,000011_000010,006_mustard_bottle,test_sliding/000011,10,0.007,kg,PARSED,
0d2128d9a50aee8f213f31e502562a1c79bfa607a112f6345613a3f2bed4e6b1,ours_full,StaticVisualFriction_MAE,3,2,000011_000010,006_mustard_bottle,test_sliding/000011,10,0.35,dimensionless,PARSED,
f143ac1377ab921356b55a08ca9e121a38a132a6ae15c0557a6741d30a55d130,siphy_adopted,Mass_MnRE,3,2,000011_000040,006_mustard_bottle,test_sliding/000011,40,0.01,kg,PARSED,
a92af98b460cc7631207c6b76c29dfd72712b7d2d0c948da93c138143ce95619,ours_full,StaticVisualFriction_MAE,3,2,000011_000040,006_mustard_bottle,test_sliding/000011,40,0.35,dimensionless,PARSED,
0bd2e8ba339e8f603b228a78e34af4c9ad5baee1303e14e3f1165981baa68d2d,siphy_adopted,Mass_MnRE,3,2,000012_000010,021_bleach_cleanser,test_sliding/000012,10,0.237,kg,PARSED,
cb9f40a470f00c5f17c38253ca9998ac25e0c1cb6d2eb54eeccc16a252226557,ours_full,StaticVisualFriction_MAE,3,2,000012_000010,021_bleach_cleanser,test_sliding/000012,10,0.32,dimensionless,PARSED,
6d721e5de7408d6467e3bb347a6f7f86dfc871d4fe411ea80bab7d65da3f6990,siphy_adopted,Mass_MnRE,3,2,000012_000040,021_bleach_cleanser,test_sliding/000012,40,0.022,kg,PARSED,
3a6619faf935e6b3f5f9a7b8e66b922eda537247b6a71b4d560ddafceaffe545,ours_full,StaticVisualFriction_MAE,3,2,000012_000040,021_bleach_cleanser,test_sliding/000012,40,0.3,dimensionless,PARSED,
fe1192f56ed385c7af377a1dadb9f01c2c8eae9bf8153b03c4cac6aafc5aa38e,siphy_adopted,Mass_MnRE,3,2,000013_000010,003_cracker_box,test_sliding/000013,10,0.007,kg,PARSED,
e61c1cae5f0236437926e9523e7e3c8b1dd19edb045f81a2688b622f56dea690,ours_full,StaticVisualFriction_MAE,3,2,000013_000010,003_cracker_box,test_sliding/000013,10,0.38,dimensionless,PARSED,
0471ccc8e39adad71cafb8f3e0519eafde71621c083fda0eefdf71b076d8de53,siphy_adopted,Mass_MnRE,3,2,000013_000040,003_cracker_box,test_sliding/000013,40,0.004,kg,PARSED,
301a124ae5b476cc922d3624e5bb3d96220039065b4b5db184c3d7678af07359,ours_full,StaticVisualFriction_MAE,3,2,000013_000040,003_cracker_box,test_sliding/000013,40,0.38,dimensionless,PARSED,
339b2a3c185e9621b99ac7af473e3e8d93c13b060ac544f41dc91187936c4523,siphy_adopted,Mass_MnRE,3,2,000014_000010,025_mug,test_sliding/000014,10,0.017,kg,PARSED,
93d139d23b2d210035ab9f4c2a4567b258b04eea33743040e1c2efb0fd7f29f4,ours_full,StaticVisualFriction_MAE,3,2,000014_000010,025_mug,test_sliding/000014,10,0.35,dimensionless,PARSED,
e69fdd74aacf4bacc0baa59ebc8f096cf998af4e85630941b761f20f6501902e,siphy_adopted,Mass_MnRE,3,2,000014_000040,025_mug,test_sliding/000014,40,0.015,kg,PARSED,
e40dfdd1ae9c8443314676450323763baa26d2c06e500aa9547994c21d1f0a45,ours_full,StaticVisualFriction_MAE,3,2,000014_000040,025_mug,test_sliding/000014,40,0.35,dimensionless,PARSED,
d98d7b7940fd1117cd1d009899aceeacc305e91dd3d8868ee23a9e2580bc119a,siphy_adopted,Mass_MnRE,3,2,000015_000010,019_pitcher_base,test_sliding/000015,10,0.049,kg,PARSED,
e71542c26ba01fb7b84a5a8b35adf2c692c9216f6f38c84cea115c625619ddcd,ours_full,StaticVisualFriction_MAE,3,2,000015_000010,019_pitcher_base,test_sliding/000015,10,0.35,dimensionless,PARSED,
26f626071def62c5e819318b142fd551410fde087e181d6ad77726634eee1967,siphy_adopted,Mass_MnRE,3,2,000015_000040,019_pitcher_base,test_sliding/000015,40,0.066,kg,PARSED,
e85f0a926f7ef62f69b18b99086a1590334b1f8e8315c1389639ba4f29d0b03b,ours_full,StaticVisualFriction_MAE,3,2,000015_000040,019_pitcher_base,test_sliding/000015,40,0.32,dimensionless,PARSED,
21bb1a200d0c55e8eec4056b02a753110e4c9452b094ed926d1e311a6f13259e,siphy_adopted,Mass_MnRE,3,2,000016_000010,006_mustard_bottle,test_sliding/000016,10,0.009,kg,PARSED,
929a7de120d2532cab2aff3bcff915a3dec42ecb98a8f11a55e79359b2704c4e,ours_full,StaticVisualFriction_MAE,3,2,000016_000010,006_mustard_bottle,test_sliding/000016,10,0.35,dimensionless,PARSED,
287c83587c64723121f94b826bcac304c79f90ec7c98ad272c2bd24154781ebf,siphy_adopted,Mass_MnRE,3,2,000016_000040,006_mustard_bottle,test_sliding/000016,40,0.013,kg,PARSED,
12d1510bdacecdc4d49fb4065036e65ebebe79e0121effa161afc21f231a8b02,ours_full,StaticVisualFriction_MAE,3,2,000016_000040,006_mustard_bottle,test_sliding/000016,40,0.35,dimensionless,PARSED,
6f798ae7cc8973b70801c277a2880bac468816eff395cd07108088da4933e938,siphy_adopted,Mass_MnRE,3,2,000017_000010,021_bleach_cleanser,test_sliding/000017,10,0.016,kg,PARSED,
f8b93e2f2bbbcf884a9451a71296ee2835fde3c56c7096a818330f78eada6ff8,ours_full,StaticVisualFriction_MAE,3,2,000017_000010,021_bleach_cleanser,test_sliding/000017,10,0.32,dimensionless,PARSED,
4fc1aaf03ded48fa7bb871301369b2ffdcd33ef128e045bdd0fb66e7e60f796e,siphy_adopted,Mass_MnRE,3,2,000017_000035,021_bleach_cleanser,test_sliding/000017,35,0.018,kg,PARSED,
9042fa0b72fd88b7db49c6059d3edcda20ca5d8bf9e4a41fcc620dcbb932529a,ours_full,StaticVisualFriction_MAE,3,2,000017_000035,021_bleach_cleanser,test_sliding/000017,35,0.32,dimensionless,PARSED,
58bb6e4fe99ff31dc6cdeaece22837d03dc267292a06230a2062d341ab3a4403,siphy_adopted,Mass_MnRE,3,2,000018_000010,003_cracker_box,test_sliding/000018,10,0.012,kg,PARSED,
345f0a3b7031357db5c8799c0ce78ce0b09eda428e103c732ac02f7bb1411df3,ours_full,StaticVisualFriction_MAE,3,2,000018_000010,003_cracker_box,test_sliding/000018,10,0.35,dimensionless,PARSED,
cdeb795aaeeacd0ab1365aa1651a42f381515459a6b846bc7ebfab5345863853,siphy_adopted,Mass_MnRE,3,2,000018_000040,003_cracker_box,test_sliding/000018,40,0.005,kg,PARSED,
573594edc3e1cf73f079465a8e76eccd8390596be6fd30e95deab955165ecff9,ours_full,StaticVisualFriction_MAE,3,2,000018_000040,003_cracker_box,test_sliding/000018,40,0.4,dimensionless,PARSED,
49004bc425f7c953e4c9eb5129bac99019aadc4f331ace6755966cfd80301bd0,siphy_adopted,Mass_MnRE,3,2,000019_000010,025_mug,test_sliding/000019,10,0.008,kg,PARSED,
52dbc63aa7692c172a7611d474c77a8457c94c16fe3201307b03508aaaabea60,ours_full,StaticVisualFriction_MAE,3,2,000019_000010,025_mug,test_sliding/000019,10,0.35,dimensionless,PARSED,
095af041c78147606560fff9062a20868ef6d653ab7244178876216fffce5b58,siphy_adopted,Mass_MnRE,3,2,000019_000040,025_mug,test_sliding/000019,40,0.035,kg,PARSED,
ca48c9854583bdb36a430ccaef52c10e112bf73c8c357817d5c678eb22939264,ours_full,StaticVisualFriction_MAE,3,2,000019_000040,025_mug,test_sliding/000019,40,0.35,dimensionless,PARSED,
400f1f4bd911ca7a2b2f237acf259b4ed0a7259afab8bc7ff0fea46e95036c2e,siphy_adopted,Mass_MnRE,3,2,000020_000010,019_pitcher_base,test_sliding/000020,10,0.046,kg,PARSED,
f470628f8bd7497efeb5bfcd76d7942a05734c0ff8bc3ae4654552d49d849a37,ours_full,StaticVisualFriction_MAE,3,2,000020_000010,019_pitcher_base,test_sliding/000020,10,0.35,dimensionless,PARSED,
6bc13f4b154c87df5599f5a634568b661afc1afcc275a92b59aa29210413fbce,siphy_adopted,Mass_MnRE,3,2,000020_000040,019_pitcher_base,test_sliding/000020,40,0.07,kg,PARSED,
31081596811771ad2640171641e0d2918553bce07ae10458bbb601a1260a956c,ours_full,StaticVisualFriction_MAE,3,2,000020_000040,019_pitcher_base,test_sliding/000020,40,0.33,dimensionless,PARSED,
3714dd387004ce2065ea6d63cf83f26f0dcdc7d163805eafa5e212d1833bb937,siphy_adopted,Mass_MnRE,3,2,000021_000010,006_mustard_bottle,test_sliding/000021,10,0.011,kg,PARSED,
7970818564f315121ba85a6260b6f2edc34f303bb2c963f57c205efdb5470b41,ours_full,StaticVisualFriction_MAE,3,2,000021_000010,006_mustard_bottle,test_sliding/000021,10,0.35,dimensionless,PARSED,
9f34e2fb9aa7aef0b196f54c9437470fa6f98a171dd6e1fedb9f26bedd7ead2b,siphy_adopted,Mass_MnRE,3,2,000021_000040,006_mustard_bottle,test_sliding/000021,40,0.009,kg,PARSED,
8a5005ba0e23c43b4d1fd17f5e0983171d9cfd1f294dbf65ad02ef9501450c3d,ours_full,StaticVisualFriction_MAE,3,2,000021_000040,006_mustard_bottle,test_sliding/000021,40,0.35,dimensionless,PARSED,
2fcc5c697c4454f39167057b6c4350ae1b526dc363874b4920014d3f66837ee1,siphy_adopted,Mass_MnRE,3,2,000022_000010,021_bleach_cleanser,test_sliding/000022,10,0.01,kg,PARSED,
7c4c7357b86202ec0bb471cf0532921af731818005ca8436767b8af4d792feae,ours_full,StaticVisualFriction_MAE,3,2,000022_000010,021_bleach_cleanser,test_sliding/000022,10,0.32,dimensionless,PARSED,
195b1881165de3158441d0557c37b48870c6806ed985ffa216e8231fa27d1b9a,siphy_adopted,Mass_MnRE,3,2,000022_000040,021_bleach_cleanser,test_sliding/000022,40,0.013,kg,PARSED,
a750a328c006d52d149a874796ffd56083ee9c11ce80b94d18548e69eaa456cc,ours_full,StaticVisualFriction_MAE,3,2,000022_000040,021_bleach_cleanser,test_sliding/000022,40,0.32,dimensionless,PARSED,
a5eaa8267df1bd3a435687580604951143b742a27cc300dd13ba41ef0cfb4045,siphy_adopted,Mass_MnRE,3,2,000023_000010,003_cracker_box,test_sliding/000023,10,0.004,kg,PARSED,
9fc65c41327573630532a39644a75cb1367a5a06bd352607b9e7b5d40a4a065f,ours_full,StaticVisualFriction_MAE,3,2,000023_000010,003_cracker_box,test_sliding/000023,10,0.35,dimensionless,PARSED,
a7c571d6b5627532bb7745e317c13333143189f15f55d41cd6070e486dcfb8d5,siphy_adopted,Mass_MnRE,3,2,000023_000040,003_cracker_box,test_sliding/000023,40,0.008,kg,PARSED,
629e7e7c94fa614573f384243aedfc828b73fade92156e9c9376212cd2ec49bc,ours_full,StaticVisualFriction_MAE,3,2,000023_000040,003_cracker_box,test_sliding/000023,40,0.35,dimensionless,PARSED,
f9bc98bced38ded97d8fd1de1f9a7c0dc335a00ae0226a6602a28445a393fd13,siphy_adopted,Mass_MnRE,3,2,000024_000010,025_mug,test_sliding/000024,10,0.027,kg,PARSED,
d120c21108d4c5b2f36b3d97621f8b1da4557b0ddff65b78bee6da85c617e1f3,ours_full,StaticVisualFriction_MAE,3,2,000024_000010,025_mug,test_sliding/000024,10,0.38,dimensionless,PARSED,
a73bb2e0a17c6e7db6139b61d542f15b1f5809f969b7fc15e3add93a8bf58f94,siphy_adopted,Mass_MnRE,3,2,000024_000040,025_mug,test_sliding/000024,40,0.005,kg,PARSED,
f1573e0ca7146182731075b3c4794653319e4f58f04ac2546b7c1d99b19d96c7,ours_full,StaticVisualFriction_MAE,3,2,000024_000040,025_mug,test_sliding/000024,40,0.35,dimensionless,PARSED,
01b29e185728136d77853a3e96897a6bb16d132c3a06a9cb1a776cd5b21ba127,siphy_adopted,Mass_MnRE,4,3,000000_000010,019_pitcher_base,test_sliding/000000,10,0.059,kg,PARSED,
e8cbac4c7576c6317912c38d62c453453bea98fdc800aa7155690213e5f50612,ours_full,StaticVisualFriction_MAE,4,3,000000_000010,019_pitcher_base,test_sliding/000000,10,0.32,dimensionless,PARSED,
94759861d47fa3f24a0be9d281b45956a265e3538e155eb8ab4461177a8081c4,siphy_adopted,Mass_MnRE,4,3,000000_000040,019_pitcher_base,test_sliding/000000,40,0.089,kg,PARSED,
10a32dc77a2aea4b4994861e06a4e2e7b9909116d373ee29ce20a274af123fca,ours_full,StaticVisualFriction_MAE,4,3,000000_000040,019_pitcher_base,test_sliding/000000,40,0.32,dimensionless,PARSED,
a610d87fbd8a17c9cb2d9b4a10459ebe9e11d5adb4e7e42480f6a0c200000dbb,siphy_adopted,Mass_MnRE,4,3,000001_000010,006_mustard_bottle,test_sliding/000001,10,0.008,kg,PARSED,
2738a0ef3aba9ad8c53e08b28820f5dfb6e13fd3dc7cc5200ffd912bf3307b19,ours_full,StaticVisualFriction_MAE,4,3,000001_000010,006_mustard_bottle,test_sliding/000001,10,0.32,dimensionless,PARSED,
9cdcf31518dcefbfb4f9a4f425fc54b01d6341b77d7aad5910d5c7629bc51628,siphy_adopted,Mass_MnRE,4,3,000001_000040,006_mustard_bottle,test_sliding/000001,40,0.01,kg,PARSED,
74135f13ba8cbd60ad434abb9abaf16dcfdd9385cdd2fc44b3c0068e0cd2d41e,ours_full,StaticVisualFriction_MAE,4,3,000001_000040,006_mustard_bottle,test_sliding/000001,40,0.35,dimensionless,PARSED,
f8a15f665147231402f11731d4894ab6aa4692bad6afc6b03d1ce7bd804219b0,siphy_adopted,Mass_MnRE,4,3,000002_000010,021_bleach_cleanser,test_sliding/000002,10,0.017,kg,PARSED,
befe709cae4c3965deefe0819d820e5e2ef856b0b8678bf71362d140ccb85929,ours_full,StaticVisualFriction_MAE,4,3,000002_000010,021_bleach_cleanser,test_sliding/000002,10,0.32,dimensionless,PARSED,
a6078ebb707527533cf37c653434d9709ca0a0682bcf908eb3fc8920ebf02bad,siphy_adopted,Mass_MnRE,4,3,000002_000040,021_bleach_cleanser,test_sliding/000002,40,0.013,kg,PARSED,
014cf015f4b4a3942675daeb7553419cdc14a2796f1a10b7e0ee398021b0263b,ours_full,StaticVisualFriction_MAE,4,3,000002_000040,021_bleach_cleanser,test_sliding/000002,40,0.32,dimensionless,PARSED,
e3941f1300b5b30ed970c0e08573b2284f848cfe81703ef499a5efe94a790ea8,siphy_adopted,Mass_MnRE,4,3,000003_000010,003_cracker_box,test_sliding/000003,10,0.004,kg,PARSED,
84ac0d211753b9e2387570c28403b32cb9e92b016808a9516dcca76b34905305,ours_full,StaticVisualFriction_MAE,4,3,000003_000010,003_cracker_box,test_sliding/000003,10,0.35,dimensionless,PARSED,
73c888d5d072731445870807b098594398420b0c77a5de0d00c3034193fc9938,siphy_adopted,Mass_MnRE,4,3,000003_000040,003_cracker_box,test_sliding/000003,40,0.002,kg,PARSED,
fee223d0a44076d8a124df2e80835be9ded53b5bc02af641417638ce3e091b81,ours_full,StaticVisualFriction_MAE,4,3,000003_000040,003_cracker_box,test_sliding/000003,40,0.35,dimensionless,PARSED,
2b6d26c9ec879e2848a0c0e8fff7a5d51c6e4a070a58fb2e3fef4411af435c98,siphy_adopted,Mass_MnRE,4,3,000004_000010,025_mug,test_sliding/000004,10,0.008,kg,PARSED,
e686ff9193e44b42706a929f3c2e69f2612254a1d6d07f21b0c48c54e63d158c,ours_full,StaticVisualFriction_MAE,4,3,000004_000010,025_mug,test_sliding/000004,10,0.35,dimensionless,PARSED,
e280a1da851fef32fe03748c64281ae40132322ece7b7af309e7916ab9e2b334,siphy_adopted,Mass_MnRE,4,3,000004_000040,025_mug,test_sliding/000004,40,0.02,kg,PARSED,
6a0142f69b0982ba7806e7e88f2d45c155c2a88f026a06673ffab7e624cc5f69,ours_full,StaticVisualFriction_MAE,4,3,000004_000040,025_mug,test_sliding/000004,40,0.35,dimensionless,PARSED,
6dfa6df3797f4a07e064c9c8c46bb0d842369b70298d60abb262936770900ce4,siphy_adopted,Mass_MnRE,4,3,000005_000010,019_pitcher_base,test_sliding/000005,10,0.037,kg,PARSED,
e96f5243ef85023bdc53f77b5e74e098e7bc26940877bccbb8eb8088a8794761,ours_full,StaticVisualFriction_MAE,4,3,000005_000010,019_pitcher_base,test_sliding/000005,10,0.35,dimensionless,PARSED,
635e2e653faace8adfb9ab48f28e1a7425409dcd20d7b0b06f6b2fd85748187b,siphy_adopted,Mass_MnRE,4,3,000005_000040,019_pitcher_base,test_sliding/000005,40,0.05,kg,PARSED,
9ec64718cca7a0d59ef70125c13d65b039fb4c84939450427645ba55d27c8e1b,ours_full,StaticVisualFriction_MAE,4,3,000005_000040,019_pitcher_base,test_sliding/000005,40,0.32,dimensionless,PARSED,
88daabc704dbbbdfd23160fdfb61514d8613a5b0e51fc954781a40da1e461551,siphy_adopted,Mass_MnRE,4,3,000006_000010,006_mustard_bottle,test_sliding/000006,10,0.008,kg,PARSED,
d8ba02658ba324ab7ada0dc83106a25dd4917996834a35bc21998c75a00788de,ours_full,StaticVisualFriction_MAE,4,3,000006_000010,006_mustard_bottle,test_sliding/000006,10,0.33,dimensionless,PARSED,
b3165f3a8957c1245d11feb38dfefeade9e777cec47279ce9fd8e044dc5ee545,siphy_adopted,Mass_MnRE,4,3,000006_000040,006_mustard_bottle,test_sliding/000006,40,0.007,kg,PARSED,
c3ad6bd13317a91322baa98402f48965d1a7b1718934cd97906eff7edc7502e5,ours_full,StaticVisualFriction_MAE,4,3,000006_000040,006_mustard_bottle,test_sliding/000006,40,0.32,dimensionless,PARSED,
ab2846435caa3b28434724467bd9e8fbd7b7dad9576355014ab59c302103c778,siphy_adopted,Mass_MnRE,4,3,000007_000010,021_bleach_cleanser,test_sliding/000007,10,0.02,kg,PARSED,
1a38f9c09f447149f8822dd21c48a925ff1f07c30715ae969627b28a5e3beb30,ours_full,StaticVisualFriction_MAE,4,3,000007_000010,021_bleach_cleanser,test_sliding/000007,10,0.3,dimensionless,PARSED,
e7572224e6de96cda7910317aa47a2202b30d74b55965879687b814e7701ca94,siphy_adopted,Mass_MnRE,4,3,000007_000040,021_bleach_cleanser,test_sliding/000007,40,0.015,kg,PARSED,
2145ff7e1a0d89308ddf9342bbd8076ee282a73f2fa32373784e2aa06c89bf13,ours_full,StaticVisualFriction_MAE,4,3,000007_000040,021_bleach_cleanser,test_sliding/000007,40,0.33,dimensionless,PARSED,
d268ce3edeab9362d4ad60fcc8a9b36f1f72f9ea88c4f4e058fc2744852f22f8,siphy_adopted,Mass_MnRE,4,3,000008_000010,003_cracker_box,test_sliding/000008,10,0.008,kg,PARSED,
aff446c1f726863ed4f84082bd920026e74685c85d9c66aa47c6717c2b0fcd09,ours_full,StaticVisualFriction_MAE,4,3,000008_000010,003_cracker_box,test_sliding/000008,10,0.35,dimensionless,PARSED,
fc0999b03baec1932fa59141a15f8013e2521ec497f3692f639ee6a870f9d852,siphy_adopted,Mass_MnRE,4,3,000008_000040,003_cracker_box,test_sliding/000008,40,0.004,kg,PARSED,
a784adcdb067061f42379f25f7fee51233f28d3784a4dbfdae1d9c620050e327,ours_full,StaticVisualFriction_MAE,4,3,000008_000040,003_cracker_box,test_sliding/000008,40,0.35,dimensionless,PARSED,
3633e8c84644743e62aeb0b495f8b07ddc85330cade786a81e70b3a7d0d7de40,siphy_adopted,Mass_MnRE,4,3,000009_000010,025_mug,test_sliding/000009,10,0.045,kg,PARSED,
8621742364f6da9a893db5d30e377a43d4abbbb03626e632b99cff4de263153e,ours_full,StaticVisualFriction_MAE,4,3,000009_000010,025_mug,test_sliding/000009,10,0.38,dimensionless,PARSED,
e456d76d5a0305f7fd41d209585b1c164600729ce9d73931b786a1a9da8a13d1,siphy_adopted,Mass_MnRE,4,3,000009_000040,025_mug,test_sliding/000009,40,0.062,kg,PARSED,
bbf01b06f37cbcf29bc70fb9095a512dc17b97351daf0d5d1f1b3e5fd5593997,ours_full,StaticVisualFriction_MAE,4,3,000009_000040,025_mug,test_sliding/000009,40,0.35,dimensionless,PARSED,
774c40985be8191c834f77127f000b739bbc1cec1ed9fb817ce2da747096955c,siphy_adopted,Mass_MnRE,4,3,000010_000010,019_pitcher_base,test_sliding/000010,10,0.089,kg,PARSED,
f62807fb480e4f4b1669f7c417493a897dd52697a5cf5efacf90333a82b8d0ca,ours_full,StaticVisualFriction_MAE,4,3,000010_000010,019_pitcher_base,test_sliding/000010,10,0.32,dimensionless,PARSED,
864e3a292fa42cbcb0268675b96f5f371187052ac11e4b3321419a8a79a9a32e,siphy_adopted,Mass_MnRE,4,3,000010_000040,019_pitcher_base,test_sliding/000010,40,0.064,kg,PARSED,
80870263d502a357b1a8aa8704371f85df3ca5e731ed34278a86b2b728061ae6,ours_full,StaticVisualFriction_MAE,4,3,000010_000040,019_pitcher_base,test_sliding/000010,40,0.35,dimensionless,PARSED,
0b3b5c6b3a2ce18a042c588979f4dfd94d1c5151f8a1842c8cf42975feb23ae4,siphy_adopted,Mass_MnRE,4,3,000011_000010,006_mustard_bottle,test_sliding/000011,10,0.008,kg,PARSED,
f4dcc2b1491e4096a41f389c9126a5f8ac2a5b4a8305b27fa12e96d0bc84263e,ours_full,StaticVisualFriction_MAE,4,3,000011_000010,006_mustard_bottle,test_sliding/000011,10,0.35,dimensionless,PARSED,
dc3390d44115491d313baad9e3eef6bbeece77318117acc19806d2536a748ba9,siphy_adopted,Mass_MnRE,4,3,000011_000040,006_mustard_bottle,test_sliding/000011,40,0.009,kg,PARSED,
c47cd2067ec237297b90d73cac2b54b3f20bbb893d4bbd3df24cbc7ca25c01f9,ours_full,StaticVisualFriction_MAE,4,3,000011_000040,006_mustard_bottle,test_sliding/000011,40,0.35,dimensionless,PARSED,
e52a2d355fd0eb310d4624d7b6da2130d859f8d9772532de32b4e367eae49d58,siphy_adopted,Mass_MnRE,4,3,000012_000010,021_bleach_cleanser,test_sliding/000012,10,0.021,kg,PARSED,
8d74cf62dd8834aa5997aefe30d153d068d4161a45125bd854cd8ff9d86fcf26,ours_full,StaticVisualFriction_MAE,4,3,000012_000010,021_bleach_cleanser,test_sliding/000012,10,0.32,dimensionless,PARSED,
ea2bfa082ab9f5c06f271d502f95e83581ce1390b60c0554e30f56d0606ca28f,siphy_adopted,Mass_MnRE,4,3,000012_000040,021_bleach_cleanser,test_sliding/000012,40,0.019,kg,PARSED,
ce84566c87e9256156aa33ae38179272ad40cce8a34b4e13a0477637edd2ba76,ours_full,StaticVisualFriction_MAE,4,3,000012_000040,021_bleach_cleanser,test_sliding/000012,40,0.32,dimensionless,PARSED,
122a7eaefcc7038a32d8a72eb5c92130d2c6797dcfe0723292ba3fb737cf2659,siphy_adopted,Mass_MnRE,4,3,000013_000010,003_cracker_box,test_sliding/000013,10,0.006,kg,PARSED,
1c13719cfb83cf035ca9352bb3f1bbcee5cbc4ce7b5af5a9bdab5f14bfaec9e8,ours_full,StaticVisualFriction_MAE,4,3,000013_000010,003_cracker_box,test_sliding/000013,10,0.35,dimensionless,PARSED,
f08436785703e6b5dc2eb399a8da6bd6c2a0bbb2dcc542dc6dafaf87006aba45,siphy_adopted,Mass_MnRE,4,3,000013_000040,003_cracker_box,test_sliding/000013,40,0.01,kg,PARSED,
27c4d6b8bdecdb968353484ab62f57f04aa0c032af3db1a0118f1fb8e1f64ff7,ours_full,StaticVisualFriction_MAE,4,3,000013_000040,003_cracker_box,test_sliding/000013,40,0.4,dimensionless,PARSED,
ab05483a274cb9d238b48b8e42d9aced26f44a21ae855e1780d44015e18ac413,siphy_adopted,Mass_MnRE,4,3,000014_000010,025_mug,test_sliding/000014,10,0.03,kg,PARSED,
6dfd637305045870cf5d148a21d0f7b7bcccdf72cf7524773556d09481142075,ours_full,StaticVisualFriction_MAE,4,3,000014_000010,025_mug,test_sliding/000014,10,0.35,dimensionless,PARSED,
eb8c870c7c82bce44b56450b75d13e125f0c913a0e4066adea42b52ac4c2d716,siphy_adopted,Mass_MnRE,4,3,000014_000040,025_mug,test_sliding/000014,40,0.014,kg,PARSED,
971da14b512f262de54074ae19a1f650a3bbadd91fd11f28900fdec7822a7dcd,ours_full,StaticVisualFriction_MAE,4,3,000014_000040,025_mug,test_sliding/000014,40,0.35,dimensionless,PARSED,
43808d3c4c837b92df7db8735b0620984ba20953fdf73088f91dd5feca6780ea,siphy_adopted,Mass_MnRE,4,3,000015_000010,019_pitcher_base,test_sliding/000015,10,0.047,kg,PARSED,
3a6646edcf0f2b1b6a9832f7133e43b9f2bbffe46b05b5e31030ce1dd2c7282d,ours_full,StaticVisualFriction_MAE,4,3,000015_000010,019_pitcher_base,test_sliding/000015,10,0.35,dimensionless,PARSED,
c653af2916a564317558dabe91c63f76382c62a4f86276585e86c9bcedd640d3,siphy_adopted,Mass_MnRE,4,3,000015_000040,019_pitcher_base,test_sliding/000015,40,0.068,kg,PARSED,
f090ee910121e79b83ae476e357f107e6551bf13378485036476e14db0b4a2c0,ours_full,StaticVisualFriction_MAE,4,3,000015_000040,019_pitcher_base,test_sliding/000015,40,0.32,dimensionless,PARSED,
7efb037ee50f257987df5587e21097fee62e72fd4d7b06a4367e4ade8837406c,siphy_adopted,Mass_MnRE,4,3,000016_000010,006_mustard_bottle,test_sliding/000016,10,0.014,kg,PARSED,
228767d2a4293df76ba987a432a9cab58312113ff59806e93d4db7ca15d4a60a,ours_full,StaticVisualFriction_MAE,4,3,000016_000010,006_mustard_bottle,test_sliding/000016,10,0.35,dimensionless,PARSED,
47464504f8fe3934d2a79e125ca0de320560cb9136124ec2ef11e448d10f02b6,siphy_adopted,Mass_MnRE,4,3,000016_000040,006_mustard_bottle,test_sliding/000016,40,0.013,kg,PARSED,
0c6a3a9b7df5d6a651d020493d28aad725ea0b9219c2c85473aeeff9e8b3fbde,ours_full,StaticVisualFriction_MAE,4,3,000016_000040,006_mustard_bottle,test_sliding/000016,40,0.35,dimensionless,PARSED,
891b9c5a000466f68db8010c1c25c6435f43376b3816821f6c7c14e18daefc7f,siphy_adopted,Mass_MnRE,4,3,000017_000010,021_bleach_cleanser,test_sliding/000017,10,0.02,kg,PARSED,
a73373a93b53ea13839fdea78525a07f927c4b87e60df555842e8cd6dc639de5,ours_full,StaticVisualFriction_MAE,4,3,000017_000010,021_bleach_cleanser,test_sliding/000017,10,0.3,dimensionless,PARSED,
77ebde3a01b6664f901235de23293624e1759b9e6097324a2c0adca9196cd276,siphy_adopted,Mass_MnRE,4,3,000017_000035,021_bleach_cleanser,test_sliding/000017,35,0.019,kg,PARSED,
7ea4cb11a499adb6010abfb8728a552a8093370e11c43544c3147fc3e4545c06,ours_full,StaticVisualFriction_MAE,4,3,000017_000035,021_bleach_cleanser,test_sliding/000017,35,0.32,dimensionless,PARSED,
c809db4d515036ce9f090b067f77970f980e56e8e5a7ee660b7fe3679809b756,siphy_adopted,Mass_MnRE,4,3,000018_000010,003_cracker_box,test_sliding/000018,10,0.004,kg,PARSED,
2884de0d150d8d383aee9d10b3e4e97025ff1ba6ff3d57ccdbf974049739606f,ours_full,StaticVisualFriction_MAE,4,3,000018_000010,003_cracker_box,test_sliding/000018,10,0.35,dimensionless,PARSED,
81646c95f7e82fab39ae7838b22794dabbdd105c3b1c1484951b3d5ac595e2a5,siphy_adopted,Mass_MnRE,4,3,000018_000040,003_cracker_box,test_sliding/000018,40,0.005,kg,PARSED,
4d21640aa8c34d7d70c95b95cbf703fad33132cfe289e70c56c9f2a00be25eae,ours_full,StaticVisualFriction_MAE,4,3,000018_000040,003_cracker_box,test_sliding/000018,40,0.33,dimensionless,PARSED,
9ba8ad13c73bbdcc29c65659ed582f0f155d885dc43615123438405020e7e7e4,siphy_adopted,Mass_MnRE,4,3,000019_000010,025_mug,test_sliding/000019,10,0.008,kg,PARSED,
57b33f2794b6b6c7c825a3acb7c28239d8f9e5b50ff4dbfd4ab882edfa6aafcb,ours_full,StaticVisualFriction_MAE,4,3,000019_000010,025_mug,test_sliding/000019,10,0.35,dimensionless,PARSED,
2b68c24d062a8afc55183190f0a765c6c9791feb5768b3be2048f3c39650912a,siphy_adopted,Mass_MnRE,4,3,000019_000040,025_mug,test_sliding/000019,40,0.022,kg,PARSED,
f002b09e7fa556c54e467cc8f2ec89bb4ae60ef1306942ca92a54860e7033d56,ours_full,StaticVisualFriction_MAE,4,3,000019_000040,025_mug,test_sliding/000019,40,0.35,dimensionless,PARSED,
2f18586ffb7fca9fefcbeaee8fc5ab38b712143f8e6e6db2a7a4578e3c33f626,siphy_adopted,Mass_MnRE,4,3,000020_000010,019_pitcher_base,test_sliding/000020,10,0.047,kg,PARSED,
42aa68a54b327dd1b531daf4d0bc8d8c96c9407ada9ee1edd16bc36c226eb889,ours_full,StaticVisualFriction_MAE,4,3,000020_000010,019_pitcher_base,test_sliding/000020,10,0.35,dimensionless,PARSED,
3a6b52e928bb1a66f02c98f9fb7e639395497afbedb4566cf27914043f39d5c2,siphy_adopted,Mass_MnRE,4,3,000020_000040,019_pitcher_base,test_sliding/000020,40,0.081,kg,PARSED,
dd965816c229a8da97542e876d0d260adfd91b220e1e32a5866634077b12e675,ours_full,StaticVisualFriction_MAE,4,3,000020_000040,019_pitcher_base,test_sliding/000020,40,0.32,dimensionless,PARSED,
932471a268f7d4e7f4cd01df4193fd4634791ea424e28e11acd4c00f48a78f68,siphy_adopted,Mass_MnRE,4,3,000021_000010,006_mustard_bottle,test_sliding/000021,10,0.008,kg,PARSED,
1e1646f5063cfab57fb8bfdaf1e51d3e2ad8c7580ccc1dcc59414235d75009a3,ours_full,StaticVisualFriction_MAE,4,3,000021_000010,006_mustard_bottle,test_sliding/000021,10,0.35,dimensionless,PARSED,
3b20ce0be6782e98591e0f75f3617e903be5a6cc1d293859c83ad4b868b00d13,siphy_adopted,Mass_MnRE,4,3,000021_000040,006_mustard_bottle,test_sliding/000021,40,0.008,kg,PARSED,
a42413ee15835d23f8b590ba2d8ec4a90bc3967bbb67c84fe9dbfc98daed0e92,ours_full,StaticVisualFriction_MAE,4,3,000021_000040,006_mustard_bottle,test_sliding/000021,40,0.32,dimensionless,PARSED,
1dbc9bca4e7ed503e1c0ecf1e5763169e67f50876a676e4bab09a216ad696860,siphy_adopted,Mass_MnRE,4,3,000022_000010,021_bleach_cleanser,test_sliding/000022,10,0.011,kg,PARSED,
6aee4cc742ecb08dcfde6662e00a545aae50cfee987f5923b3c72cb282918969,ours_full,StaticVisualFriction_MAE,4,3,000022_000010,021_bleach_cleanser,test_sliding/000022,10,0.32,dimensionless,PARSED,
94b2f7be668d83451f99d8697a7629c8d76f0709cdbf115e314342140f82c7b1,siphy_adopted,Mass_MnRE,4,3,000022_000040,021_bleach_cleanser,test_sliding/000022,40,0.01,kg,PARSED,
c67b4e95b7ca12caa3dc894d175dddf2ab1e58fcfb61a3de449a0bd304a225cb,ours_full,StaticVisualFriction_MAE,4,3,000022_000040,021_bleach_cleanser,test_sliding/000022,40,0.32,dimensionless,PARSED,
6125915b2efb20b7ac1b0438662d8c16ddc2f5ed038c38d0bb22bb91d7e7d22f,siphy_adopted,Mass_MnRE,4,3,000023_000010,003_cracker_box,test_sliding/000023,10,0.003,kg,PARSED,
d199e31b87b965b1ae175d92a4c63d342bc4cb4b0f87fe68459b003a009d3961,ours_full,StaticVisualFriction_MAE,4,3,000023_000010,003_cracker_box,test_sliding/000023,10,0.38,dimensionless,PARSED,
97b375b528c7045fbf5fedf8a6d5458f3489a87b284f569d88f80ff34a3ccab0,siphy_adopted,Mass_MnRE,4,3,000023_000040,003_cracker_box,test_sliding/000023,40,0.002,kg,PARSED,
88af5d2dcb1b5c4524279acbbe9be5706656d61e8ad3e249f07c291cd11bb3fb,ours_full,StaticVisualFriction_MAE,4,3,000023_000040,003_cracker_box,test_sliding/000023,40,0.4,dimensionless,PARSED,
30b56dcc6f52b122a09e893f4048cbc2a2dac5ef2f6779ef5a9f0fce01bff681,siphy_adopted,Mass_MnRE,4,3,000024_000010,025_mug,test_sliding/000024,10,0.02,kg,PARSED,
d769a666607b847a43ccb543e7a380ea768b35fdb80d093ba16d4860b45dd49f,ours_full,StaticVisualFriction_MAE,4,3,000024_000010,025_mug,test_sliding/000024,10,0.35,dimensionless,PARSED,
77fd7bd7e197f26429828901512b078fa57156407f5e0adaf95f42ec0033d700,siphy_adopted,Mass_MnRE,4,3,000024_000040,025_mug,test_sliding/000024,40,0.005,kg,PARSED,
fa8cfa1de20934dabd5cf5b41ddbfd3f433268a2b24afe3a98c1cc8c55e2086f,ours_full,StaticVisualFriction_MAE,4,3,000024_000040,025_mug,test_sliding/000024,40,0.38,dimensionless,PARSED,
a60f8336275e56c3eb15fa6d48a37dc47cfa14e790721135b0ff660305b58f50,siphy_adopted,Mass_MnRE,5,4,000000_000010,019_pitcher_base,test_sliding/000000,10,0.055,kg,PARSED,
20cc4eda1a85f28741a27bfb3fe8b85ebe66580bd51916c14668bdbd6f6c38f5,ours_full,StaticVisualFriction_MAE,5,4,000000_000010,019_pitcher_base,test_sliding/000000,10,0.32,dimensionless,PARSED,
51c2f065275b5c1cf4f4c7302cfb27f8971293a00511de3e235c31e76f788c6a,siphy_adopted,Mass_MnRE,5,4,000000_000040,019_pitcher_base,test_sliding/000000,40,0.135,kg,PARSED,
eaed5c101a2f02d062d3017b8ae001a1ff105cbef56b4224a373e2784a521427,ours_full,StaticVisualFriction_MAE,5,4,000000_000040,019_pitcher_base,test_sliding/000000,40,0.35,dimensionless,PARSED,
c7467f2aa87e36e1b13626381b30598de3e37be0f3d791ded8bab1840cf1ae7c,siphy_adopted,Mass_MnRE,5,4,000001_000010,006_mustard_bottle,test_sliding/000001,10,0.008,kg,PARSED,
9554925775736f80dc0c6b1a31a148456f823d6026ce445181c9bbd35b066eee,ours_full,StaticVisualFriction_MAE,5,4,000001_000010,006_mustard_bottle,test_sliding/000001,10,0.32,dimensionless,PARSED,
f1043d84e6754c81346f7c4fca0d14cd4da1ec2267a0105291ea0dae188a9c95,siphy_adopted,Mass_MnRE,5,4,000001_000040,006_mustard_bottle,test_sliding/000001,40,0.009,kg,PARSED,
69ea244001ab44c29dcf35ef8c9db66b27356e2f57ffdcb089f13289d70ccf64,ours_full,StaticVisualFriction_MAE,5,4,000001_000040,006_mustard_bottle,test_sliding/000001,40,0.33,dimensionless,PARSED,
5e8de942fb1be289974e70e44495caab13900f0047f7b0ae7ff7f1b519c963a9,siphy_adopted,Mass_MnRE,5,4,000002_000010,021_bleach_cleanser,test_sliding/000002,10,0.016,kg,PARSED,
10a05ae621145e0181c4f59cc6f09143d12765edf6bae973e89b34c61988c5d2,ours_full,StaticVisualFriction_MAE,5,4,000002_000010,021_bleach_cleanser,test_sliding/000002,10,0.32,dimensionless,PARSED,
4dab15d5cebfd720874a35f0d6313432dbb484ea03e81dbe721c2ddd6c7926ff,siphy_adopted,Mass_MnRE,5,4,000002_000040,021_bleach_cleanser,test_sliding/000002,40,0.012,kg,PARSED,
73e8ca21e6d9b270e6a1b5e5b77fdbfd1657d2a65e74430567d03e4764958218,ours_full,StaticVisualFriction_MAE,5,4,000002_000040,021_bleach_cleanser,test_sliding/000002,40,0.35,dimensionless,PARSED,
3dcb6ca876a8f48e1ac770f78d10f3e005e4373856ab986786613192d5882dfd,siphy_adopted,Mass_MnRE,5,4,000003_000010,003_cracker_box,test_sliding/000003,10,0.003,kg,PARSED,
55015b5c4bb6fa8b0672af701f2c4cebeda0470cb83d595f3ae5a117b90066d1,ours_full,StaticVisualFriction_MAE,5,4,000003_000010,003_cracker_box,test_sliding/000003,10,0.35,dimensionless,PARSED,
e1e147f06132af15e2790635dd6ffeec2c4e0816fe4f230f5d40a8766b18c4c3,siphy_adopted,Mass_MnRE,5,4,000003_000040,003_cracker_box,test_sliding/000003,40,0.003,kg,PARSED,
179435c672fbbbe7dbe839d912b992682085845f1357f930edbd9ce557d8d049,ours_full,StaticVisualFriction_MAE,5,4,000003_000040,003_cracker_box,test_sliding/000003,40,0.35,dimensionless,PARSED,
3e53244837bd918ddfeb1e40c1aae441aca91b94d6a890aa57eaff7d1ef7f518,siphy_adopted,Mass_MnRE,5,4,000004_000010,025_mug,test_sliding/000004,10,0.01,kg,PARSED,
48fd237dee5a12035cdfc27e1df3018677c5873835f3d6fc9b81d4ec89982b2d,ours_full,StaticVisualFriction_MAE,5,4,000004_000010,025_mug,test_sliding/000004,10,0.35,dimensionless,PARSED,
65e0b2569246fbc1612427d57aebc8b7662e7c1c982ed61974093ed53fc61d94,siphy_adopted,Mass_MnRE,5,4,000004_000040,025_mug,test_sliding/000004,40,0.018,kg,PARSED,
e53f2df941250fa792a8838b921d76dcd0d450f09c07ead5c83dca6c0e99ad06,ours_full,StaticVisualFriction_MAE,5,4,000004_000040,025_mug,test_sliding/000004,40,0.35,dimensionless,PARSED,
e7d58faa915f31593a0a746b4d6756e154f1df495686d5cdf2a5ccecc50d1167,siphy_adopted,Mass_MnRE,5,4,000005_000010,019_pitcher_base,test_sliding/000005,10,0.035,kg,PARSED,
c532bc14c9ab296eb02a43540c46e8d42b1a942c1a516bd6e40e24e7a297d760,ours_full,StaticVisualFriction_MAE,5,4,000005_000010,019_pitcher_base,test_sliding/000005,10,0.32,dimensionless,PARSED,
deaf18f19fafbb3fb0624af675eb0e533a02b3d56b7e4ac7b2b3f7bff0fed001,siphy_adopted,Mass_MnRE,5,4,000005_000040,019_pitcher_base,test_sliding/000005,40,0.048,kg,PARSED,
0c632a3aa9a6c3313306f2f211915641252bc0d48485ff63c1784fd888cd4f25,ours_full,StaticVisualFriction_MAE,5,4,000005_000040,019_pitcher_base,test_sliding/000005,40,0.35,dimensionless,PARSED,
52ee0564f972b488c7788c8d41f7472a83832683da4234444e23ac33d159b409,siphy_adopted,Mass_MnRE,5,4,000006_000010,006_mustard_bottle,test_sliding/000006,10,0.014,kg,PARSED,
c4e9fd46e8401283ab0636ac4c4fe8bde3deec36bae98d70cee17ad5eb659008,ours_full,StaticVisualFriction_MAE,5,4,000006_000010,006_mustard_bottle,test_sliding/000006,10,0.32,dimensionless,PARSED,
432cc1819aec7232f8cae52604850076f355f914395817b1b6b78daa955e9900,siphy_adopted,Mass_MnRE,5,4,000006_000040,006_mustard_bottle,test_sliding/000006,40,0.007,kg,PARSED,
3d0f9e562d200a9acef74bd2e4495e673990db2208c197648fe09fe08b8d5847,ours_full,StaticVisualFriction_MAE,5,4,000006_000040,006_mustard_bottle,test_sliding/000006,40,0.35,dimensionless,PARSED,
95001a54068e8e25d29d6ff0a9d4807fececbdc7c2bb5357106855ae1065b3e2,siphy_adopted,Mass_MnRE,5,4,000007_000010,021_bleach_cleanser,test_sliding/000007,10,0.015,kg,PARSED,
0d6507accdc4922d844616a80577f49270d28d3ca7586b399ad2bf5053817f09,ours_full,StaticVisualFriction_MAE,5,4,000007_000010,021_bleach_cleanser,test_sliding/000007,10,0.32,dimensionless,PARSED,
1a74a60973eca71383fc88b923c244ce51032822437fc2f51d9d2eeb5ecbd51d,siphy_adopted,Mass_MnRE,5,4,000007_000040,021_bleach_cleanser,test_sliding/000007,40,0.015,kg,PARSED,
b745ab82f2d45f5181a236b1acfb6021825d26a7731f837a8b073e9e3a3ee4f0,ours_full,StaticVisualFriction_MAE,5,4,000007_000040,021_bleach_cleanser,test_sliding/000007,40,0.32,dimensionless,PARSED,
587f29c76c7a39b02afb178304c2ecc075c2d18ee01b07d1acc59b1d2d6096b0,siphy_adopted,Mass_MnRE,5,4,000008_000010,003_cracker_box,test_sliding/000008,10,0.009,kg,PARSED,
5c90b23bddc53f6f42d3cf2a6812c882547825225e36444f5138df655f33e834,ours_full,StaticVisualFriction_MAE,5,4,000008_000010,003_cracker_box,test_sliding/000008,10,0.35,dimensionless,PARSED,
03f39f34d2393814b95de95c2c62545021befbed7fc2f5675807dbf77d2b558c,siphy_adopted,Mass_MnRE,5,4,000008_000040,003_cracker_box,test_sliding/000008,40,0.009,kg,PARSED,
0746a0c4f4b4716a7e6e18a364960278d0e00a4855ef902c8419ba35395478f7,ours_full,StaticVisualFriction_MAE,5,4,000008_000040,003_cracker_box,test_sliding/000008,40,0.4,dimensionless,PARSED,
297686c6382197c2af38a0136d25137920d9777006f5c7fa0ab067e06f65c0b3,siphy_adopted,Mass_MnRE,5,4,000009_000010,025_mug,test_sliding/000009,10,0.036,kg,PARSED,
38460439ce0ed0440c677811dbd2bd4dd4ce499e1e08d35df4f29e0f258ed8c3,ours_full,StaticVisualFriction_MAE,5,4,000009_000010,025_mug,test_sliding/000009,10,0.35,dimensionless,PARSED,
fa41b19b54912861513aaf331c942c9d08be7db9f8b032ea5363636ff35b9211,siphy_adopted,Mass_MnRE,5,4,000009_000040,025_mug,test_sliding/000009,40,0.05,kg,PARSED,
7035bbb226fdabf3463fdcf6ab4e68beae854d940ec2b2b689c423dc07fd2289,ours_full,StaticVisualFriction_MAE,5,4,000009_000040,025_mug,test_sliding/000009,40,0.38,dimensionless,PARSED,
f03e4fbb5d81c4502916050b94fd684d39783a7cbc3782b1c28b79b62ac6a31b,siphy_adopted,Mass_MnRE,5,4,000010_000010,019_pitcher_base,test_sliding/000010,10,0.116,kg,PARSED,
6a0e0fb95c8ee6fa274f7beba81e26cb31a1ee686f09c157a8a2296db6bf09ee,ours_full,StaticVisualFriction_MAE,5,4,000010_000010,019_pitcher_base,test_sliding/000010,10,0.35,dimensionless,PARSED,
1478e5a14f2640bd0648aca2128e0e172a0e44032d05cd566f1178b5e720b48a,siphy_adopted,Mass_MnRE,5,4,000010_000040,019_pitcher_base,test_sliding/000010,40,0.054,kg,PARSED,
2d6fa6688ac3d71f63a9838b68ddc55be827bdb29ecbb4cdbc903847ae821c35,ours_full,StaticVisualFriction_MAE,5,4,000010_000040,019_pitcher_base,test_sliding/000010,40,0.35,dimensionless,PARSED,
c256b9eeac83b6d460a175b7ceca8f9cb4111896ef79057fbf833a95166ff7af,siphy_adopted,Mass_MnRE,5,4,000011_000010,006_mustard_bottle,test_sliding/000011,10,0.009,kg,PARSED,
1d8bcbe0fc22ac47fdcc5a08922ce82e74a4fc724a979ceb34838746a88c3d66,ours_full,StaticVisualFriction_MAE,5,4,000011_000010,006_mustard_bottle,test_sliding/000011,10,0.32,dimensionless,PARSED,
a8f4c39025fceecccefd0102481d5386386ca3353444be4a440799d5a878b558,siphy_adopted,Mass_MnRE,5,4,000011_000040,006_mustard_bottle,test_sliding/000011,40,0.011,kg,PARSED,
fe393af0c388262251bf444395a2bdd96cd403eb51698ce484d792f05e30574c,ours_full,StaticVisualFriction_MAE,5,4,000011_000040,006_mustard_bottle,test_sliding/000011,40,0.35,dimensionless,PARSED,
959d66629f35ffe88a8eba1be9e9f8b9a2ac81191e090065a6b4160b6d550f88,siphy_adopted,Mass_MnRE,5,4,000012_000010,021_bleach_cleanser,test_sliding/000012,10,0.018,kg,PARSED,
a4c0c2ee1a09afc15ab332edfeff9c244cf365ce962f6c0fa78ee43ecf0c64c5,ours_full,StaticVisualFriction_MAE,5,4,000012_000010,021_bleach_cleanser,test_sliding/000012,10,0.32,dimensionless,PARSED,
b4570b2b8f9b4be093f0a42ad51b535d1899a95c7419b255c46de927722a7f25,siphy_adopted,Mass_MnRE,5,4,000012_000040,021_bleach_cleanser,test_sliding/000012,40,0.022,kg,PARSED,
51102433c6546e01dc78c55dd579cdb0d6111e4e5c6e645d28d33b08aba4d0a3,ours_full,StaticVisualFriction_MAE,5,4,000012_000040,021_bleach_cleanser,test_sliding/000012,40,0.32,dimensionless,PARSED,
47beab9fa04ebf7dfbb1ba24a8e313c94358c27990923294779d014a4ff3c2c8,siphy_adopted,Mass_MnRE,5,4,000013_000010,003_cracker_box,test_sliding/000013,10,0.009,kg,PARSED,
12349df770e8320e7bce4bfe9272d7a22ae4095bc2235f56dcc2bcc21428922b,ours_full,StaticVisualFriction_MAE,5,4,000013_000010,003_cracker_box,test_sliding/000013,10,0.35,dimensionless,PARSED,
f408e579324dd10776532c1f52ed7501e43a102c4463e52d6a661468da7e4cf1,siphy_adopted,Mass_MnRE,5,4,000013_000040,003_cracker_box,test_sliding/000013,40,0.003,kg,PARSED,
c47c90a1d722020aa46fda7665fa39e4d85571ab5a0605b565055378de32e6b1,ours_full,StaticVisualFriction_MAE,5,4,000013_000040,003_cracker_box,test_sliding/000013,40,0.35,dimensionless,PARSED,
77849f7a1d1480c2a19d180b428c9dc4910337291952e1ebb59342dc1a9896a9,siphy_adopted,Mass_MnRE,5,4,000014_000010,025_mug,test_sliding/000014,10,0.025,kg,PARSED,
c8f13b53ceaeef39ac574266a87fbe8a9890b14f3d17b55401320aea0e055ed9,ours_full,StaticVisualFriction_MAE,5,4,000014_000010,025_mug,test_sliding/000014,10,0.38,dimensionless,PARSED,
b9413c72627fb2521c715263f5ff2ceff8d3bc7d56d166c725ddb462f75cc36b,siphy_adopted,Mass_MnRE,5,4,000014_000040,025_mug,test_sliding/000014,40,0.01,kg,PARSED,
c8fdac02320abecb0fb577b6e3dae95a0cfc95a43c4746e7b09308bd853cd895,ours_full,StaticVisualFriction_MAE,5,4,000014_000040,025_mug,test_sliding/000014,40,0.35,dimensionless,PARSED,
92e5d7871422894ffb56bf443398391fbdde0cf440b980a603ed44d12658df6e,siphy_adopted,Mass_MnRE,5,4,000015_000010,019_pitcher_base,test_sliding/000015,10,0.051,kg,PARSED,
34a9a1b177bf2b95c607cca52594e547ed427ff6d6924e27e605d7da7502d75e,ours_full,StaticVisualFriction_MAE,5,4,000015_000010,019_pitcher_base,test_sliding/000015,10,0.35,dimensionless,PARSED,
9a8e648ba707eade5cac2f369ad39be5a86eddd0321ad7a7f3c96cd518c7e4ad,siphy_adopted,Mass_MnRE,5,4,000015_000040,019_pitcher_base,test_sliding/000015,40,0.068,kg,PARSED,
05867378c3e21b2ea0bc5b7b32c1f6a57d0546be85b0caf346484660a03ce7b5,ours_full,StaticVisualFriction_MAE,5,4,000015_000040,019_pitcher_base,test_sliding/000015,40,0.3,dimensionless,PARSED,
fde7d7ed2b588ad46df4999b4b91fb27477aef034ad65865007df9af5f900c33,siphy_adopted,Mass_MnRE,5,4,000016_000010,006_mustard_bottle,test_sliding/000016,10,0.01,kg,PARSED,
36dd882733af0900893fc6c0659dc897f7d234f388620f107d9281f37d7c0797,ours_full,StaticVisualFriction_MAE,5,4,000016_000010,006_mustard_bottle,test_sliding/000016,10,0.35,dimensionless,PARSED,
02926d56ff1cf053092027b227bab4f3642db1220c6d7533c9010d768d913f9c,siphy_adopted,Mass_MnRE,5,4,000016_000040,006_mustard_bottle,test_sliding/000016,40,0.01,kg,PARSED,
d79107cb1174dec9cf4fa1211a0fca33119ad05f2da02aeaf72beb92a295d12a,ours_full,StaticVisualFriction_MAE,5,4,000016_000040,006_mustard_bottle,test_sliding/000016,40,0.32,dimensionless,PARSED,
9cfbe2c4baebd67df46d71de634973b28556361c941704502154248cb5a14fc8,siphy_adopted,Mass_MnRE,5,4,000017_000010,021_bleach_cleanser,test_sliding/000017,10,0.016,kg,PARSED,
4e0683a32422e63887afc47d33e907af7169c02582ac4a847a173ebbaaf90e23,ours_full,StaticVisualFriction_MAE,5,4,000017_000010,021_bleach_cleanser,test_sliding/000017,10,0.32,dimensionless,PARSED,
8c0d23e1393f0b7fbcf878017ea7115734527dc29fc50a2c1c6791f66b9b36e9,siphy_adopted,Mass_MnRE,5,4,000017_000035,021_bleach_cleanser,test_sliding/000017,35,0.015,kg,PARSED,
0dde46f5c6fe9ae6588af0104ea8a282a5ce9c5fbd3a9e5ad994efe910cc7954,ours_full,StaticVisualFriction_MAE,5,4,000017_000035,021_bleach_cleanser,test_sliding/000017,35,0.35,dimensionless,PARSED,
85191150c00b0f973090f91c53a14c4712c237d3c2a45d8715ae7f81c5ae95b4,siphy_adopted,Mass_MnRE,5,4,000018_000010,003_cracker_box,test_sliding/000018,10,0.004,kg,PARSED,
564e7739e1a596e5ff758022c7aa0e628c02a5f5e838ba39ab85225c19b44f43,ours_full,StaticVisualFriction_MAE,5,4,000018_000010,003_cracker_box,test_sliding/000018,10,0.35,dimensionless,PARSED,
e85e8143462bc014d479c2b2ab8f38fd31f5987e9cdb6b4cd8e2cdc2b7379cfd,siphy_adopted,Mass_MnRE,5,4,000018_000040,003_cracker_box,test_sliding/000018,40,0.019,kg,PARSED,
48d3979cbf38d3929df21bb9373cadb51869d38945537826990ec51ef8313bb2,ours_full,StaticVisualFriction_MAE,5,4,000018_000040,003_cracker_box,test_sliding/000018,40,0.35,dimensionless,PARSED,
3d571bf5ee4b7cd090b2544f7c616296157b1b12b8c9b74dd9de0601d475d61f,siphy_adopted,Mass_MnRE,5,4,000019_000010,025_mug,test_sliding/000019,10,0.01,kg,PARSED,
8fb214ed0955c1a8a076ba4ec414734aa3bed98a67fe1bf193570aab88343e8d,ours_full,StaticVisualFriction_MAE,5,4,000019_000010,025_mug,test_sliding/000019,10,0.35,dimensionless,PARSED,
e75076990ff66650eb077c9f5a38c1f3576330a8a7a33a6841327e434fbda3da,siphy_adopted,Mass_MnRE,5,4,000019_000040,025_mug,test_sliding/000019,40,0.024,kg,PARSED,
b717827a3fd05a99c25de5c3e49287b1f9ec0cbbe4c154f29421cc199ae9b479,ours_full,StaticVisualFriction_MAE,5,4,000019_000040,025_mug,test_sliding/000019,40,0.35,dimensionless,PARSED,
5e4b25479cfe3be14922ed217252bdc409e64b0792674ba04170350232b419f5,siphy_adopted,Mass_MnRE,5,4,000020_000010,019_pitcher_base,test_sliding/000020,10,0.047,kg,PARSED,
5d4bcc4ea56b0ff93bbc0430f3e400f051fdf997ce6b04f1c38a2a188e884207,ours_full,StaticVisualFriction_MAE,5,4,000020_000010,019_pitcher_base,test_sliding/000020,10,0.35,dimensionless,PARSED,
9167e52a74fd636e8abdcbe96ed0589df789201976a0a12cda6c0d6d299a94dc,siphy_adopted,Mass_MnRE,5,4,000020_000040,019_pitcher_base,test_sliding/000020,40,0.09,kg,PARSED,
d5d7dfc7d874c4eb18b174c100aa4da86256adc400f304ca5cafc2766e30b019,ours_full,StaticVisualFriction_MAE,5,4,000020_000040,019_pitcher_base,test_sliding/000020,40,0.3,dimensionless,PARSED,
304bffd87a4095bc8c18bd7b64ceb94f4aaf28790a358a23e5cfc61282ba763f,siphy_adopted,Mass_MnRE,5,4,000021_000010,006_mustard_bottle,test_sliding/000021,10,0.008,kg,PARSED,
1a29ded46a8bc70aeab3e418e987c1df3c40acc6bad8fb30f575839d5a324170,ours_full,StaticVisualFriction_MAE,5,4,000021_000010,006_mustard_bottle,test_sliding/000021,10,0.35,dimensionless,PARSED,
b6e47de49628a391cda381988d8f6125f83ad0e00260c262fc39698a8505a679,siphy_adopted,Mass_MnRE,5,4,000021_000040,006_mustard_bottle,test_sliding/000021,40,0.009,kg,PARSED,
b71a8f81bb02537259a4b8e2b86acf3119761b48fbea513c303718a925ea79b9,ours_full,StaticVisualFriction_MAE,5,4,000021_000040,006_mustard_bottle,test_sliding/000021,40,0.32,dimensionless,PARSED,
24a4f8063b9c35ea6d286b203e03e1600c90fed124cfac0f91323b85aeaf390e,siphy_adopted,Mass_MnRE,5,4,000022_000010,021_bleach_cleanser,test_sliding/000022,10,0.014,kg,PARSED,
06b4e216a77910b473b5a2ad5616e4d113abed321d5d76130fe8baf547f0ecd2,ours_full,StaticVisualFriction_MAE,5,4,000022_000010,021_bleach_cleanser,test_sliding/000022,10,0.32,dimensionless,PARSED,
28ab04dd0285ee6e052aaac02adfd311002f02239a19abb39d1ddd96c3c13c4e,siphy_adopted,Mass_MnRE,5,4,000022_000040,021_bleach_cleanser,test_sliding/000022,40,0.01,kg,PARSED,
e10ba50fdcdc9c997e1becd46a01badcfbb55a89b0881a2770fac8ce8e5d902e,ours_full,StaticVisualFriction_MAE,5,4,000022_000040,021_bleach_cleanser,test_sliding/000022,40,0.3,dimensionless,PARSED,
de8ca1ec46c5c57d16f5f7e088d42a88c3ef0aefa36f57e8cc6799347ed96f99,siphy_adopted,Mass_MnRE,5,4,000023_000010,003_cracker_box,test_sliding/000023,10,0.004,kg,PARSED,
5f8121038dcfd177183a5beac25f52b2b404ca97654a75cdcd4ce24d57420b8f,ours_full,StaticVisualFriction_MAE,5,4,000023_000010,003_cracker_box,test_sliding/000023,10,0.35,dimensionless,PARSED,
7a77eb8979702651ed3578d259314d7449bffaf3699792a2b71da7a16db3e3a7,siphy_adopted,Mass_MnRE,5,4,000023_000040,003_cracker_box,test_sliding/000023,40,0.009,kg,PARSED,
c1b838ac9fe24c77ba028e559d68c23efff412acce4365bef0d37d7ea63f46a8,ours_full,StaticVisualFriction_MAE,5,4,000023_000040,003_cracker_box,test_sliding/000023,40,0.35,dimensionless,PARSED,
33a37ead0a2f0dd9fd05a4a37c467ecc3f16c2805e4b9074ef401ec888b3db92,siphy_adopted,Mass_MnRE,5,4,000024_000010,025_mug,test_sliding/000024,10,0.031,kg,PARSED,
87ec56a5dcaf513aa078023dd98e4eff012cfc51289558067d950b0522fbb7be,ours_full,StaticVisualFriction_MAE,5,4,000024_000010,025_mug,test_sliding/000024,10,0.4,dimensionless,PARSED,
0e19c457c4f2bca587b548d9eae22f6b745e609eed61caf88ea222f2baa6e618,siphy_adopted,Mass_MnRE,5,4,000024_000040,025_mug,test_sliding/000024,40,0.005,kg,PARSED,
0a19e3b671dd60e9d0c1fb41dfac87e48109e96d262fc4e3050837ced67f3d84,ours_full,StaticVisualFriction_MAE,5,4,000024_000040,025_mug,test_sliding/000024,40,0.35,dimensionless,PARSED,
